{
    "links": [
        {
            "target": "PIP_LRC_SRC",
            "source": "MCD_PAUSE_PROXY",
            "label": "ward",
            "timestamp": "2024-11-10T06:38:08.617Z"
        },
        {
            "target": "PIP_LRC_SRC",
            "source": "PIP_LRC",
            "label": "bud",
            "timestamp": "2024-11-10T06:38:08.617Z"
        },
        {
            "target": "PIP_LRC_SRC",
            "source": "0x1D5d9a2DDa0843eD9D8a9Bddc33F1fca9f9C64a0",
            "label": "bud",
            "timestamp": "2024-11-10T06:38:08.617Z"
        },
        {
            "target": "MCD_PAUSE_PROXY",
            "source": "MCD_PAUSE",
            "label": "owner",
            "timestamp": "2024-11-10T06:40:04.064Z"
        },
        {
            "target": "PIP_LRC",
            "source": "MCD_PAUSE_PROXY",
            "label": "ward",
            "timestamp": "2024-11-10T06:42:14.487Z"
        },
        {
            "target": "PIP_LRC",
            "source": "OSM_MOM",
            "label": "ward",
            "timestamp": "2024-11-10T06:42:14.487Z"
        },
        {
            "target": "PIP_LRC",
            "source": "MCD_SPOT",
            "label": "bud",
            "timestamp": "2024-11-10T06:42:14.487Z"
        },
        {
            "target": "PIP_LRC",
            "source": "MCD_CLIP_LRC_A",
            "label": "bud",
            "timestamp": "2024-11-10T06:42:14.487Z"
        },
        {
            "target": "PIP_LRC",
            "source": "CLIPPER_MOM",
            "label": "bud",
            "timestamp": "2024-11-10T06:42:14.487Z"
        },
        {
            "target": "PIP_LRC",
            "source": "MCD_END",
            "label": "bud",
            "timestamp": "2024-11-10T06:42:14.487Z"
        },
        {
            "target": "0x1D5d9a2DDa0843eD9D8a9Bddc33F1fca9f9C64a0",
            "source": "0x9b52465793cBce01DEbd9b3c2B029dc69d19D255",
            "label": "owner",
            "timestamp": "2024-11-10T06:47:48.449Z"
        },
        {
            "target": "MCD_PAUSE",
            "source": "0x208266c96F9A4e61856EFe2417eaB3b9EF59B22f",
            "label": "owner",
            "timestamp": "2024-11-10T06:49:50.361Z"
        },
        {
            "target": "MCD_PAUSE",
            "source": "MCD_ADM",
            "label": "authority",
            "timestamp": "2024-11-10T06:49:50.361Z"
        },
        {
            "target": "OSM_MOM",
            "source": "MCD_PAUSE_PROXY",
            "label": "owner",
            "timestamp": "2024-11-10T06:51:53.092Z"
        },
        {
            "target": "OSM_MOM",
            "source": "MCD_ADM",
            "label": "authority",
            "timestamp": "2024-11-10T06:51:53.092Z"
        },
        {
            "target": "MCD_SPOT",
            "source": "MCD_PAUSE_PROXY",
            "label": "ward",
            "timestamp": "2024-11-10T06:54:18.864Z"
        },
        {
            "target": "MCD_SPOT",
            "source": "0x2d3c90e3a9d216b353f555a73E1C70684D6032ad",
            "label": "ward",
            "timestamp": "2024-11-10T06:54:18.864Z"
        },
        {
            "target": "MCD_SPOT",
            "source": "0x335E4c29Cf5C87c9ea8b7d9263e41918739D1E46",
            "label": "ward",
            "timestamp": "2024-11-10T06:54:18.864Z"
        },
        {
            "target": "MCD_SPOT",
            "source": "MCD_END",
            "label": "ward",
            "timestamp": "2024-11-10T06:54:18.864Z"
        },
        {
            "target": "MCD_CLIP_LRC_A",
            "source": "MCD_PAUSE_PROXY",
            "label": "ward",
            "timestamp": "2024-11-10T06:56:23.489Z"
        },
        {
            "target": "MCD_CLIP_LRC_A",
            "source": "MCD_DOG",
            "label": "ward",
            "timestamp": "2024-11-10T06:56:23.489Z"
        },
        {
            "target": "MCD_CLIP_LRC_A",
            "source": "CLIPPER_MOM",
            "label": "ward",
            "timestamp": "2024-11-10T06:56:23.489Z"
        },
        {
            "target": "MCD_CLIP_LRC_A",
            "source": "MCD_ESM",
            "label": "ward",
            "timestamp": "2024-11-10T06:56:23.489Z"
        },
        {
            "target": "MCD_CLIP_LRC_A",
            "source": "MCD_END",
            "label": "ward",
            "timestamp": "2024-11-10T06:56:23.489Z"
        },
        {
            "target": "CLIPPER_MOM",
            "source": "MCD_PAUSE_PROXY",
            "label": "owner",
            "timestamp": "2024-11-10T06:58:29.087Z"
        },
        {
            "target": "CLIPPER_MOM",
            "source": "MCD_ADM",
            "label": "authority",
            "timestamp": "2024-11-10T06:58:29.087Z"
        },
        {
            "target": "MCD_END",
            "source": "MCD_PAUSE_PROXY",
            "label": "ward",
            "timestamp": "2024-11-10T07:00:33.164Z"
        },
        {
            "target": "MCD_END",
            "source": "MCD_ESM",
            "label": "ward",
            "timestamp": "2024-11-10T07:00:33.164Z"
        },
        {
            "target": "0x208266c96F9A4e61856EFe2417eaB3b9EF59B22f",
            "source": "0x208266c96F9A4e61856EFe2417eaB3b9EF59B22f",
            "label": "externally owned account",
            "timestamp": "2024-11-10T07:04:53.023Z"
        },
        {
            "target": "MCD_ADM",
            "source": "MCD_ADM",
            "label": "authority",
            "timestamp": "2024-11-10T07:07:00.280Z"
        },
        {
            "target": "MCD_DOG",
            "source": "MCD_PAUSE_PROXY",
            "label": "ward",
            "timestamp": "2024-11-10T07:13:22.824Z"
        },
        {
            "target": "MCD_DOG",
            "source": "MCD_CLIP_LINK_A",
            "label": "ward",
            "timestamp": "2024-11-10T07:13:22.824Z"
        },
        {
            "target": "MCD_DOG",
            "source": "MCD_CLIP_YFI_A",
            "label": "ward",
            "timestamp": "2024-11-10T07:13:22.824Z"
        },
        {
            "target": "MCD_DOG",
            "source": "MCD_CLIP_ETH_A",
            "label": "ward",
            "timestamp": "2024-11-10T07:13:22.824Z"
        },
        {
            "target": "MCD_DOG",
            "source": "MCD_CLIP_ETH_B",
            "label": "ward",
            "timestamp": "2024-11-10T07:13:22.824Z"
        },
        {
            "target": "MCD_DOG",
            "source": "MCD_CLIP_ETH_C",
            "label": "ward",
            "timestamp": "2024-11-10T07:13:22.824Z"
        },
        {
            "target": "MCD_DOG",
            "source": "MCD_CLIP_WBTC_A",
            "label": "ward",
            "timestamp": "2024-11-10T07:13:22.824Z"
        },
        {
            "target": "MCD_DOG",
            "source": "MCD_CLIP_BAT_A",
            "label": "ward",
            "timestamp": "2024-11-10T07:13:22.824Z"
        },
        {
            "target": "MCD_DOG",
            "source": "MCD_CLIP_ZRX_A",
            "label": "ward",
            "timestamp": "2024-11-10T07:13:22.824Z"
        },
        {
            "target": "MCD_DOG",
            "source": "MCD_CLIP_KNC_A",
            "label": "ward",
            "timestamp": "2024-11-10T07:13:22.824Z"
        },
        {
            "target": "MCD_DOG",
            "source": "MCD_CLIP_MANA_A",
            "label": "ward",
            "timestamp": "2024-11-10T07:13:22.824Z"
        },
        {
            "target": "MCD_DOG",
            "source": "MCD_CLIP_COMP_A",
            "label": "ward",
            "timestamp": "2024-11-10T07:13:22.824Z"
        },
        {
            "target": "MCD_DOG",
            "source": "MCD_CLIP_LRC_A",
            "label": "ward",
            "timestamp": "2024-11-10T07:13:22.824Z"
        },
        {
            "target": "MCD_DOG",
            "source": "MCD_CLIP_BAL_A",
            "label": "ward",
            "timestamp": "2024-11-10T07:13:22.824Z"
        },
        {
            "target": "MCD_DOG",
            "source": "MCD_CLIP_UNI_A",
            "label": "ward",
            "timestamp": "2024-11-10T07:13:22.824Z"
        },
        {
            "target": "MCD_DOG",
            "source": "MCD_CLIP_RENBTC_A",
            "label": "ward",
            "timestamp": "2024-11-10T07:13:22.824Z"
        },
        {
            "target": "MCD_DOG",
            "source": "MCD_CLIP_AAVE_A",
            "label": "ward",
            "timestamp": "2024-11-10T07:13:22.824Z"
        },
        {
            "target": "MCD_DOG",
            "source": "MCD_CLIP_UNIV2DAIETH_A",
            "label": "ward",
            "timestamp": "2024-11-10T07:13:22.824Z"
        },
        {
            "target": "MCD_DOG",
            "source": "MCD_CLIP_UNIV2USDCETH_A",
            "label": "ward",
            "timestamp": "2024-11-10T07:13:22.824Z"
        },
        {
            "target": "MCD_DOG",
            "source": "MCD_CLIP_UNIV2ETHUSDT_A",
            "label": "ward",
            "timestamp": "2024-11-10T07:13:22.824Z"
        },
        {
            "target": "MCD_DOG",
            "source": "MCD_CLIP_UNIV2WBTCDAI_A",
            "label": "ward",
            "timestamp": "2024-11-10T07:13:22.824Z"
        },
        {
            "target": "MCD_DOG",
            "source": "MCD_CLIP_UNIV2WBTCETH_A",
            "label": "ward",
            "timestamp": "2024-11-10T07:13:22.824Z"
        },
        {
            "target": "MCD_DOG",
            "source": "MCD_CLIP_UNIV2LINKETH_A",
            "label": "ward",
            "timestamp": "2024-11-10T07:13:22.824Z"
        },
        {
            "target": "MCD_DOG",
            "source": "MCD_CLIP_UNIV2UNIETH_A",
            "label": "ward",
            "timestamp": "2024-11-10T07:13:22.824Z"
        },
        {
            "target": "MCD_DOG",
            "source": "MCD_CLIP_UNIV2AAVEETH_A",
            "label": "ward",
            "timestamp": "2024-11-10T07:13:22.824Z"
        },
        {
            "target": "MCD_DOG",
            "source": "MCD_CLIP_UNIV2DAIUSDT_A",
            "label": "ward",
            "timestamp": "2024-11-10T07:13:22.824Z"
        },
        {
            "target": "MCD_DOG",
            "source": "MCD_CLIP_USDC_A",
            "label": "ward",
            "timestamp": "2024-11-10T07:13:22.824Z"
        },
        {
            "target": "MCD_DOG",
            "source": "MCD_CLIP_USDC_B",
            "label": "ward",
            "timestamp": "2024-11-10T07:13:22.824Z"
        },
        {
            "target": "MCD_DOG",
            "source": "MCD_CLIP_TUSD_A",
            "label": "ward",
            "timestamp": "2024-11-10T07:13:22.824Z"
        },
        {
            "target": "MCD_DOG",
            "source": "MCD_CLIP_USDT_A",
            "label": "ward",
            "timestamp": "2024-11-10T07:13:22.824Z"
        },
        {
            "target": "MCD_DOG",
            "source": "MCD_CLIP_PAXUSD_A",
            "label": "ward",
            "timestamp": "2024-11-10T07:13:22.824Z"
        },
        {
            "target": "MCD_DOG",
            "source": "MCD_CLIP_GUSD_A",
            "label": "ward",
            "timestamp": "2024-11-10T07:13:22.824Z"
        },
        {
            "target": "MCD_DOG",
            "source": "MCD_CLIP_PSM_USDC_A",
            "label": "ward",
            "timestamp": "2024-11-10T07:13:22.824Z"
        },
        {
            "target": "MCD_DOG",
            "source": "MCD_CLIP_UNIV2DAIUSDC_A",
            "label": "ward",
            "timestamp": "2024-11-10T07:13:22.824Z"
        },
        {
            "target": "MCD_DOG",
            "source": "MCD_CLIP_PSM_PAX_A",
            "label": "ward",
            "timestamp": "2024-11-10T07:13:22.824Z"
        },
        {
            "target": "MCD_DOG",
            "source": "MCD_CLIP_MATIC_A",
            "label": "ward",
            "timestamp": "2024-11-10T07:13:22.824Z"
        },
        {
            "target": "MCD_DOG",
            "source": "MCD_CLIP_GUNIV3DAIUSDC1_A",
            "label": "ward",
            "timestamp": "2024-11-10T07:13:22.824Z"
        },
        {
            "target": "MCD_DOG",
            "source": "MCD_CLIP_WSTETH_A",
            "label": "ward",
            "timestamp": "2024-11-10T07:13:22.824Z"
        },
        {
            "target": "MCD_DOG",
            "source": "MCD_CLIP_WBTC_B",
            "label": "ward",
            "timestamp": "2024-11-10T07:13:22.824Z"
        },
        {
            "target": "MCD_DOG",
            "source": "MCD_CLIP_WBTC_C",
            "label": "ward",
            "timestamp": "2024-11-10T07:13:22.824Z"
        },
        {
            "target": "MCD_DOG",
            "source": "MCD_CLIP_PSM_GUSD_A",
            "label": "ward",
            "timestamp": "2024-11-10T07:13:22.824Z"
        },
        {
            "target": "MCD_DOG",
            "source": "MCD_CLIP_GUNIV3DAIUSDC2_A",
            "label": "ward",
            "timestamp": "2024-11-10T07:13:22.824Z"
        },
        {
            "target": "MCD_DOG",
            "source": "MCD_CLIP_CRVV1ETHSTETH_A",
            "label": "ward",
            "timestamp": "2024-11-10T07:13:22.824Z"
        },
        {
            "target": "MCD_DOG",
            "source": "MCD_CLIP_WSTETH_B",
            "label": "ward",
            "timestamp": "2024-11-10T07:13:22.824Z"
        },
        {
            "target": "MCD_DOG",
            "source": "MCD_END",
            "label": "ward",
            "timestamp": "2024-11-10T07:13:22.824Z"
        },
        {
            "target": "MCD_DOG",
            "source": "MCD_CLIP_RETH_A",
            "label": "ward",
            "timestamp": "2024-11-10T07:13:22.824Z"
        },
        {
            "target": "MCD_DOG",
            "source": "MCD_CLIP_GNO_A",
            "label": "ward",
            "timestamp": "2024-11-10T07:13:22.824Z"
        },
        {
            "target": "MCD_ESM",
            "source": "MCD_PAUSE_PROXY",
            "label": "ward",
            "timestamp": "2024-11-10T07:15:26.479Z"
        },
        {
            "target": "MCD_CLIP_LINK_A",
            "source": "MCD_PAUSE_PROXY",
            "label": "ward",
            "timestamp": "2024-11-10T07:17:33.649Z"
        },
        {
            "target": "MCD_CLIP_LINK_A",
            "source": "MCD_DOG",
            "label": "ward",
            "timestamp": "2024-11-10T07:17:33.649Z"
        },
        {
            "target": "MCD_CLIP_LINK_A",
            "source": "CLIPPER_MOM",
            "label": "ward",
            "timestamp": "2024-11-10T07:17:33.649Z"
        },
        {
            "target": "MCD_CLIP_LINK_A",
            "source": "MCD_ESM",
            "label": "ward",
            "timestamp": "2024-11-10T07:17:33.649Z"
        },
        {
            "target": "MCD_CLIP_LINK_A",
            "source": "MCD_END",
            "label": "ward",
            "timestamp": "2024-11-10T07:17:33.649Z"
        },
        {
            "target": "MCD_CLIP_YFI_A",
            "source": "MCD_PAUSE_PROXY",
            "label": "ward",
            "timestamp": "2024-11-10T07:19:38.222Z"
        },
        {
            "target": "MCD_CLIP_YFI_A",
            "source": "MCD_DOG",
            "label": "ward",
            "timestamp": "2024-11-10T07:19:38.222Z"
        },
        {
            "target": "MCD_CLIP_YFI_A",
            "source": "CLIPPER_MOM",
            "label": "ward",
            "timestamp": "2024-11-10T07:19:38.222Z"
        },
        {
            "target": "MCD_CLIP_YFI_A",
            "source": "MCD_ESM",
            "label": "ward",
            "timestamp": "2024-11-10T07:19:38.222Z"
        },
        {
            "target": "MCD_CLIP_YFI_A",
            "source": "MCD_END",
            "label": "ward",
            "timestamp": "2024-11-10T07:19:38.222Z"
        },
        {
            "target": "MCD_CLIP_ETH_A",
            "source": "MCD_PAUSE_PROXY",
            "label": "ward",
            "timestamp": "2024-11-10T07:21:44.698Z"
        },
        {
            "target": "MCD_CLIP_ETH_A",
            "source": "MCD_DOG",
            "label": "ward",
            "timestamp": "2024-11-10T07:21:44.698Z"
        },
        {
            "target": "MCD_CLIP_ETH_A",
            "source": "CLIPPER_MOM",
            "label": "ward",
            "timestamp": "2024-11-10T07:21:44.698Z"
        },
        {
            "target": "MCD_CLIP_ETH_A",
            "source": "MCD_ESM",
            "label": "ward",
            "timestamp": "2024-11-10T07:21:44.698Z"
        },
        {
            "target": "MCD_CLIP_ETH_A",
            "source": "MCD_END",
            "label": "ward",
            "timestamp": "2024-11-10T07:21:44.698Z"
        },
        {
            "target": "MCD_CLIP_ETH_B",
            "source": "MCD_PAUSE_PROXY",
            "label": "ward",
            "timestamp": "2024-11-10T07:23:49.518Z"
        },
        {
            "target": "MCD_CLIP_ETH_B",
            "source": "MCD_DOG",
            "label": "ward",
            "timestamp": "2024-11-10T07:23:49.518Z"
        },
        {
            "target": "MCD_CLIP_ETH_B",
            "source": "CLIPPER_MOM",
            "label": "ward",
            "timestamp": "2024-11-10T07:23:49.518Z"
        },
        {
            "target": "MCD_CLIP_ETH_B",
            "source": "MCD_ESM",
            "label": "ward",
            "timestamp": "2024-11-10T07:23:49.518Z"
        },
        {
            "target": "MCD_CLIP_ETH_B",
            "source": "MCD_END",
            "label": "ward",
            "timestamp": "2024-11-10T07:23:49.518Z"
        },
        {
            "target": "MCD_CLIP_ETH_C",
            "source": "MCD_PAUSE_PROXY",
            "label": "ward",
            "timestamp": "2024-11-10T07:25:54.257Z"
        },
        {
            "target": "MCD_CLIP_ETH_C",
            "source": "MCD_DOG",
            "label": "ward",
            "timestamp": "2024-11-10T07:25:54.257Z"
        },
        {
            "target": "MCD_CLIP_ETH_C",
            "source": "CLIPPER_MOM",
            "label": "ward",
            "timestamp": "2024-11-10T07:25:54.257Z"
        },
        {
            "target": "MCD_CLIP_ETH_C",
            "source": "MCD_ESM",
            "label": "ward",
            "timestamp": "2024-11-10T07:25:54.257Z"
        },
        {
            "target": "MCD_CLIP_ETH_C",
            "source": "MCD_END",
            "label": "ward",
            "timestamp": "2024-11-10T07:25:54.257Z"
        },
        {
            "target": "MCD_CLIP_WBTC_A",
            "source": "MCD_PAUSE_PROXY",
            "label": "ward",
            "timestamp": "2024-11-10T07:27:59.210Z"
        },
        {
            "target": "MCD_CLIP_WBTC_A",
            "source": "MCD_DOG",
            "label": "ward",
            "timestamp": "2024-11-10T07:27:59.210Z"
        },
        {
            "target": "MCD_CLIP_WBTC_A",
            "source": "CLIPPER_MOM",
            "label": "ward",
            "timestamp": "2024-11-10T07:27:59.210Z"
        },
        {
            "target": "MCD_CLIP_WBTC_A",
            "source": "MCD_ESM",
            "label": "ward",
            "timestamp": "2024-11-10T07:27:59.210Z"
        },
        {
            "target": "MCD_CLIP_WBTC_A",
            "source": "MCD_END",
            "label": "ward",
            "timestamp": "2024-11-10T07:27:59.210Z"
        },
        {
            "target": "MCD_CLIP_BAT_A",
            "source": "MCD_PAUSE_PROXY",
            "label": "ward",
            "timestamp": "2024-11-10T07:30:03.598Z"
        },
        {
            "target": "MCD_CLIP_BAT_A",
            "source": "MCD_DOG",
            "label": "ward",
            "timestamp": "2024-11-10T07:30:03.598Z"
        },
        {
            "target": "MCD_CLIP_BAT_A",
            "source": "CLIPPER_MOM",
            "label": "ward",
            "timestamp": "2024-11-10T07:30:03.598Z"
        },
        {
            "target": "MCD_CLIP_BAT_A",
            "source": "MCD_ESM",
            "label": "ward",
            "timestamp": "2024-11-10T07:30:03.598Z"
        },
        {
            "target": "MCD_CLIP_BAT_A",
            "source": "MCD_END",
            "label": "ward",
            "timestamp": "2024-11-10T07:30:03.598Z"
        },
        {
            "target": "MCD_CLIP_ZRX_A",
            "source": "MCD_PAUSE_PROXY",
            "label": "ward",
            "timestamp": "2024-11-10T07:32:46.138Z"
        },
        {
            "target": "MCD_CLIP_ZRX_A",
            "source": "MCD_DOG",
            "label": "ward",
            "timestamp": "2024-11-10T07:32:46.138Z"
        },
        {
            "target": "MCD_CLIP_ZRX_A",
            "source": "CLIPPER_MOM",
            "label": "ward",
            "timestamp": "2024-11-10T07:32:46.138Z"
        },
        {
            "target": "MCD_CLIP_ZRX_A",
            "source": "MCD_ESM",
            "label": "ward",
            "timestamp": "2024-11-10T07:32:46.138Z"
        },
        {
            "target": "MCD_CLIP_ZRX_A",
            "source": "MCD_END",
            "label": "ward",
            "timestamp": "2024-11-10T07:32:46.138Z"
        },
        {
            "target": "MCD_CLIP_KNC_A",
            "source": "MCD_PAUSE_PROXY",
            "label": "ward",
            "timestamp": "2024-11-10T07:34:52.157Z"
        },
        {
            "target": "MCD_CLIP_KNC_A",
            "source": "MCD_DOG",
            "label": "ward",
            "timestamp": "2024-11-10T07:34:52.157Z"
        },
        {
            "target": "MCD_CLIP_KNC_A",
            "source": "CLIPPER_MOM",
            "label": "ward",
            "timestamp": "2024-11-10T07:34:52.157Z"
        },
        {
            "target": "MCD_CLIP_KNC_A",
            "source": "MCD_ESM",
            "label": "ward",
            "timestamp": "2024-11-10T07:34:52.157Z"
        },
        {
            "target": "MCD_CLIP_KNC_A",
            "source": "MCD_END",
            "label": "ward",
            "timestamp": "2024-11-10T07:34:52.157Z"
        },
        {
            "target": "MCD_CLIP_MANA_A",
            "source": "MCD_PAUSE_PROXY",
            "label": "ward",
            "timestamp": "2024-11-10T07:36:54.762Z"
        },
        {
            "target": "MCD_CLIP_MANA_A",
            "source": "MCD_DOG",
            "label": "ward",
            "timestamp": "2024-11-10T07:36:54.762Z"
        },
        {
            "target": "MCD_CLIP_MANA_A",
            "source": "CLIPPER_MOM",
            "label": "ward",
            "timestamp": "2024-11-10T07:36:54.762Z"
        },
        {
            "target": "MCD_CLIP_MANA_A",
            "source": "MCD_ESM",
            "label": "ward",
            "timestamp": "2024-11-10T07:36:54.762Z"
        },
        {
            "target": "MCD_CLIP_MANA_A",
            "source": "MCD_END",
            "label": "ward",
            "timestamp": "2024-11-10T07:36:54.762Z"
        },
        {
            "target": "MCD_CLIP_COMP_A",
            "source": "MCD_PAUSE_PROXY",
            "label": "ward",
            "timestamp": "2024-11-10T07:39:01.434Z"
        },
        {
            "target": "MCD_CLIP_COMP_A",
            "source": "MCD_DOG",
            "label": "ward",
            "timestamp": "2024-11-10T07:39:01.434Z"
        },
        {
            "target": "MCD_CLIP_COMP_A",
            "source": "CLIPPER_MOM",
            "label": "ward",
            "timestamp": "2024-11-10T07:39:01.434Z"
        },
        {
            "target": "MCD_CLIP_COMP_A",
            "source": "MCD_ESM",
            "label": "ward",
            "timestamp": "2024-11-10T07:39:01.434Z"
        },
        {
            "target": "MCD_CLIP_COMP_A",
            "source": "MCD_END",
            "label": "ward",
            "timestamp": "2024-11-10T07:39:01.434Z"
        },
        {
            "target": "MCD_CLIP_BAL_A",
            "source": "MCD_PAUSE_PROXY",
            "label": "ward",
            "timestamp": "2024-11-10T07:41:04.832Z"
        },
        {
            "target": "MCD_CLIP_BAL_A",
            "source": "MCD_DOG",
            "label": "ward",
            "timestamp": "2024-11-10T07:41:04.832Z"
        },
        {
            "target": "MCD_CLIP_BAL_A",
            "source": "CLIPPER_MOM",
            "label": "ward",
            "timestamp": "2024-11-10T07:41:04.832Z"
        },
        {
            "target": "MCD_CLIP_BAL_A",
            "source": "MCD_ESM",
            "label": "ward",
            "timestamp": "2024-11-10T07:41:04.832Z"
        },
        {
            "target": "MCD_CLIP_BAL_A",
            "source": "MCD_END",
            "label": "ward",
            "timestamp": "2024-11-10T07:41:04.832Z"
        },
        {
            "target": "MCD_CLIP_UNI_A",
            "source": "MCD_PAUSE_PROXY",
            "label": "ward",
            "timestamp": "2024-11-10T07:43:07.952Z"
        },
        {
            "target": "MCD_CLIP_UNI_A",
            "source": "MCD_DOG",
            "label": "ward",
            "timestamp": "2024-11-10T07:43:07.952Z"
        },
        {
            "target": "MCD_CLIP_UNI_A",
            "source": "CLIPPER_MOM",
            "label": "ward",
            "timestamp": "2024-11-10T07:43:07.952Z"
        },
        {
            "target": "MCD_CLIP_UNI_A",
            "source": "MCD_ESM",
            "label": "ward",
            "timestamp": "2024-11-10T07:43:07.952Z"
        },
        {
            "target": "MCD_CLIP_UNI_A",
            "source": "MCD_END",
            "label": "ward",
            "timestamp": "2024-11-10T07:43:07.952Z"
        },
        {
            "target": "MCD_CLIP_RENBTC_A",
            "source": "MCD_PAUSE_PROXY",
            "label": "ward",
            "timestamp": "2024-11-10T07:45:12.421Z"
        },
        {
            "target": "MCD_CLIP_RENBTC_A",
            "source": "MCD_DOG",
            "label": "ward",
            "timestamp": "2024-11-10T07:45:12.421Z"
        },
        {
            "target": "MCD_CLIP_RENBTC_A",
            "source": "CLIPPER_MOM",
            "label": "ward",
            "timestamp": "2024-11-10T07:45:12.421Z"
        },
        {
            "target": "MCD_CLIP_RENBTC_A",
            "source": "MCD_ESM",
            "label": "ward",
            "timestamp": "2024-11-10T07:45:12.421Z"
        },
        {
            "target": "MCD_CLIP_RENBTC_A",
            "source": "MCD_END",
            "label": "ward",
            "timestamp": "2024-11-10T07:45:12.421Z"
        },
        {
            "target": "MCD_CLIP_AAVE_A",
            "source": "MCD_PAUSE_PROXY",
            "label": "ward",
            "timestamp": "2024-11-10T07:47:17.751Z"
        },
        {
            "target": "MCD_CLIP_AAVE_A",
            "source": "MCD_DOG",
            "label": "ward",
            "timestamp": "2024-11-10T07:47:17.751Z"
        },
        {
            "target": "MCD_CLIP_AAVE_A",
            "source": "CLIPPER_MOM",
            "label": "ward",
            "timestamp": "2024-11-10T07:47:17.751Z"
        },
        {
            "target": "MCD_CLIP_AAVE_A",
            "source": "MCD_ESM",
            "label": "ward",
            "timestamp": "2024-11-10T07:47:17.751Z"
        },
        {
            "target": "MCD_CLIP_AAVE_A",
            "source": "MCD_END",
            "label": "ward",
            "timestamp": "2024-11-10T07:47:17.751Z"
        },
        {
            "target": "MCD_CLIP_UNIV2DAIETH_A",
            "source": "MCD_PAUSE_PROXY",
            "label": "ward",
            "timestamp": "2024-11-10T07:49:21.871Z"
        },
        {
            "target": "MCD_CLIP_UNIV2DAIETH_A",
            "source": "MCD_DOG",
            "label": "ward",
            "timestamp": "2024-11-10T07:49:21.871Z"
        },
        {
            "target": "MCD_CLIP_UNIV2DAIETH_A",
            "source": "CLIPPER_MOM",
            "label": "ward",
            "timestamp": "2024-11-10T07:49:21.871Z"
        },
        {
            "target": "MCD_CLIP_UNIV2DAIETH_A",
            "source": "MCD_ESM",
            "label": "ward",
            "timestamp": "2024-11-10T07:49:21.871Z"
        },
        {
            "target": "MCD_CLIP_UNIV2DAIETH_A",
            "source": "MCD_END",
            "label": "ward",
            "timestamp": "2024-11-10T07:49:21.871Z"
        },
        {
            "target": "MCD_CLIP_UNIV2USDCETH_A",
            "source": "MCD_PAUSE_PROXY",
            "label": "ward",
            "timestamp": "2024-11-10T07:51:25.542Z"
        },
        {
            "target": "MCD_CLIP_UNIV2USDCETH_A",
            "source": "MCD_DOG",
            "label": "ward",
            "timestamp": "2024-11-10T07:51:25.542Z"
        },
        {
            "target": "MCD_CLIP_UNIV2USDCETH_A",
            "source": "CLIPPER_MOM",
            "label": "ward",
            "timestamp": "2024-11-10T07:51:25.542Z"
        },
        {
            "target": "MCD_CLIP_UNIV2USDCETH_A",
            "source": "MCD_ESM",
            "label": "ward",
            "timestamp": "2024-11-10T07:51:25.542Z"
        },
        {
            "target": "MCD_CLIP_UNIV2USDCETH_A",
            "source": "MCD_END",
            "label": "ward",
            "timestamp": "2024-11-10T07:51:25.542Z"
        },
        {
            "target": "MCD_CLIP_UNIV2ETHUSDT_A",
            "source": "MCD_PAUSE_PROXY",
            "label": "ward",
            "timestamp": "2024-11-10T07:53:29.068Z"
        },
        {
            "target": "MCD_CLIP_UNIV2ETHUSDT_A",
            "source": "MCD_DOG",
            "label": "ward",
            "timestamp": "2024-11-10T07:53:29.068Z"
        },
        {
            "target": "MCD_CLIP_UNIV2ETHUSDT_A",
            "source": "CLIPPER_MOM",
            "label": "ward",
            "timestamp": "2024-11-10T07:53:29.068Z"
        },
        {
            "target": "MCD_CLIP_UNIV2ETHUSDT_A",
            "source": "MCD_ESM",
            "label": "ward",
            "timestamp": "2024-11-10T07:53:29.068Z"
        },
        {
            "target": "MCD_CLIP_UNIV2ETHUSDT_A",
            "source": "MCD_END",
            "label": "ward",
            "timestamp": "2024-11-10T07:53:29.068Z"
        },
        {
            "target": "MCD_CLIP_UNIV2WBTCDAI_A",
            "source": "MCD_PAUSE_PROXY",
            "label": "ward",
            "timestamp": "2024-11-10T07:55:32.419Z"
        },
        {
            "target": "MCD_CLIP_UNIV2WBTCDAI_A",
            "source": "MCD_DOG",
            "label": "ward",
            "timestamp": "2024-11-10T07:55:32.419Z"
        },
        {
            "target": "MCD_CLIP_UNIV2WBTCDAI_A",
            "source": "CLIPPER_MOM",
            "label": "ward",
            "timestamp": "2024-11-10T07:55:32.419Z"
        },
        {
            "target": "MCD_CLIP_UNIV2WBTCDAI_A",
            "source": "MCD_ESM",
            "label": "ward",
            "timestamp": "2024-11-10T07:55:32.419Z"
        },
        {
            "target": "MCD_CLIP_UNIV2WBTCDAI_A",
            "source": "MCD_END",
            "label": "ward",
            "timestamp": "2024-11-10T07:55:32.419Z"
        },
        {
            "target": "MCD_CLIP_UNIV2WBTCETH_A",
            "source": "MCD_PAUSE_PROXY",
            "label": "ward",
            "timestamp": "2024-11-10T07:57:32.972Z"
        },
        {
            "target": "MCD_CLIP_UNIV2WBTCETH_A",
            "source": "MCD_DOG",
            "label": "ward",
            "timestamp": "2024-11-10T07:57:32.972Z"
        },
        {
            "target": "MCD_CLIP_UNIV2WBTCETH_A",
            "source": "CLIPPER_MOM",
            "label": "ward",
            "timestamp": "2024-11-10T07:57:32.972Z"
        },
        {
            "target": "MCD_CLIP_UNIV2WBTCETH_A",
            "source": "MCD_ESM",
            "label": "ward",
            "timestamp": "2024-11-10T07:57:32.972Z"
        },
        {
            "target": "MCD_CLIP_UNIV2WBTCETH_A",
            "source": "MCD_END",
            "label": "ward",
            "timestamp": "2024-11-10T07:57:32.972Z"
        },
        {
            "target": "MCD_CLIP_UNIV2LINKETH_A",
            "source": "MCD_PAUSE_PROXY",
            "label": "ward",
            "timestamp": "2024-11-10T07:59:32.330Z"
        },
        {
            "target": "MCD_CLIP_UNIV2LINKETH_A",
            "source": "MCD_DOG",
            "label": "ward",
            "timestamp": "2024-11-10T07:59:32.330Z"
        },
        {
            "target": "MCD_CLIP_UNIV2LINKETH_A",
            "source": "CLIPPER_MOM",
            "label": "ward",
            "timestamp": "2024-11-10T07:59:32.330Z"
        },
        {
            "target": "MCD_CLIP_UNIV2LINKETH_A",
            "source": "MCD_ESM",
            "label": "ward",
            "timestamp": "2024-11-10T07:59:32.330Z"
        },
        {
            "target": "MCD_CLIP_UNIV2LINKETH_A",
            "source": "MCD_END",
            "label": "ward",
            "timestamp": "2024-11-10T07:59:32.330Z"
        },
        {
            "target": "MCD_CLIP_UNIV2UNIETH_A",
            "source": "MCD_PAUSE_PROXY",
            "label": "ward",
            "timestamp": "2024-11-10T08:01:34.157Z"
        },
        {
            "target": "MCD_CLIP_UNIV2UNIETH_A",
            "source": "MCD_DOG",
            "label": "ward",
            "timestamp": "2024-11-10T08:01:34.157Z"
        },
        {
            "target": "MCD_CLIP_UNIV2UNIETH_A",
            "source": "CLIPPER_MOM",
            "label": "ward",
            "timestamp": "2024-11-10T08:01:34.157Z"
        },
        {
            "target": "MCD_CLIP_UNIV2UNIETH_A",
            "source": "MCD_ESM",
            "label": "ward",
            "timestamp": "2024-11-10T08:01:34.157Z"
        },
        {
            "target": "MCD_CLIP_UNIV2UNIETH_A",
            "source": "MCD_END",
            "label": "ward",
            "timestamp": "2024-11-10T08:01:34.157Z"
        },
        {
            "target": "MCD_CLIP_UNIV2AAVEETH_A",
            "source": "MCD_PAUSE_PROXY",
            "label": "ward",
            "timestamp": "2024-11-10T08:03:38.261Z"
        },
        {
            "target": "MCD_CLIP_UNIV2AAVEETH_A",
            "source": "MCD_DOG",
            "label": "ward",
            "timestamp": "2024-11-10T08:03:38.261Z"
        },
        {
            "target": "MCD_CLIP_UNIV2AAVEETH_A",
            "source": "CLIPPER_MOM",
            "label": "ward",
            "timestamp": "2024-11-10T08:03:38.261Z"
        },
        {
            "target": "MCD_CLIP_UNIV2AAVEETH_A",
            "source": "MCD_ESM",
            "label": "ward",
            "timestamp": "2024-11-10T08:03:38.261Z"
        },
        {
            "target": "MCD_CLIP_UNIV2AAVEETH_A",
            "source": "MCD_END",
            "label": "ward",
            "timestamp": "2024-11-10T08:03:38.261Z"
        },
        {
            "target": "MCD_CLIP_UNIV2DAIUSDT_A",
            "source": "MCD_PAUSE_PROXY",
            "label": "ward",
            "timestamp": "2024-11-10T08:05:45.365Z"
        },
        {
            "target": "MCD_CLIP_UNIV2DAIUSDT_A",
            "source": "MCD_DOG",
            "label": "ward",
            "timestamp": "2024-11-10T08:05:45.365Z"
        },
        {
            "target": "MCD_CLIP_UNIV2DAIUSDT_A",
            "source": "CLIPPER_MOM",
            "label": "ward",
            "timestamp": "2024-11-10T08:05:45.365Z"
        },
        {
            "target": "MCD_CLIP_UNIV2DAIUSDT_A",
            "source": "MCD_ESM",
            "label": "ward",
            "timestamp": "2024-11-10T08:05:45.365Z"
        },
        {
            "target": "MCD_CLIP_UNIV2DAIUSDT_A",
            "source": "MCD_END",
            "label": "ward",
            "timestamp": "2024-11-10T08:05:45.365Z"
        },
        {
            "target": "MCD_CLIP_USDC_A",
            "source": "MCD_PAUSE_PROXY",
            "label": "ward",
            "timestamp": "2024-11-10T08:07:51.979Z"
        },
        {
            "target": "MCD_CLIP_USDC_A",
            "source": "MCD_DOG",
            "label": "ward",
            "timestamp": "2024-11-10T08:07:51.979Z"
        },
        {
            "target": "MCD_CLIP_USDC_A",
            "source": "MCD_ESM",
            "label": "ward",
            "timestamp": "2024-11-10T08:07:51.979Z"
        },
        {
            "target": "MCD_CLIP_USDC_A",
            "source": "MCD_END",
            "label": "ward",
            "timestamp": "2024-11-10T08:07:51.979Z"
        },
        {
            "target": "MCD_CLIP_USDC_A",
            "source": "CLIPPER_MOM",
            "label": "ward",
            "timestamp": "2024-11-10T08:07:51.979Z"
        },
        {
            "target": "MCD_CLIP_USDC_B",
            "source": "MCD_PAUSE_PROXY",
            "label": "ward",
            "timestamp": "2024-11-10T08:09:55.305Z"
        },
        {
            "target": "MCD_CLIP_USDC_B",
            "source": "MCD_DOG",
            "label": "ward",
            "timestamp": "2024-11-10T08:09:55.305Z"
        },
        {
            "target": "MCD_CLIP_USDC_B",
            "source": "MCD_ESM",
            "label": "ward",
            "timestamp": "2024-11-10T08:09:55.305Z"
        },
        {
            "target": "MCD_CLIP_USDC_B",
            "source": "MCD_END",
            "label": "ward",
            "timestamp": "2024-11-10T08:09:55.305Z"
        },
        {
            "target": "MCD_CLIP_TUSD_A",
            "source": "MCD_PAUSE_PROXY",
            "label": "ward",
            "timestamp": "2024-11-10T08:11:59.820Z"
        },
        {
            "target": "MCD_CLIP_TUSD_A",
            "source": "MCD_DOG",
            "label": "ward",
            "timestamp": "2024-11-10T08:11:59.820Z"
        },
        {
            "target": "MCD_CLIP_TUSD_A",
            "source": "MCD_ESM",
            "label": "ward",
            "timestamp": "2024-11-10T08:11:59.820Z"
        },
        {
            "target": "MCD_CLIP_TUSD_A",
            "source": "CLIPPER_MOM",
            "label": "ward",
            "timestamp": "2024-11-10T08:11:59.820Z"
        },
        {
            "target": "MCD_CLIP_TUSD_A",
            "source": "MCD_END",
            "label": "ward",
            "timestamp": "2024-11-10T08:11:59.820Z"
        },
        {
            "target": "MCD_CLIP_USDT_A",
            "source": "MCD_PAUSE_PROXY",
            "label": "ward",
            "timestamp": "2024-11-10T08:14:07.196Z"
        },
        {
            "target": "MCD_CLIP_USDT_A",
            "source": "MCD_DOG",
            "label": "ward",
            "timestamp": "2024-11-10T08:14:07.196Z"
        },
        {
            "target": "MCD_CLIP_USDT_A",
            "source": "CLIPPER_MOM",
            "label": "ward",
            "timestamp": "2024-11-10T08:14:07.196Z"
        },
        {
            "target": "MCD_CLIP_USDT_A",
            "source": "MCD_ESM",
            "label": "ward",
            "timestamp": "2024-11-10T08:14:07.196Z"
        },
        {
            "target": "MCD_CLIP_USDT_A",
            "source": "MCD_END",
            "label": "ward",
            "timestamp": "2024-11-10T08:14:07.196Z"
        },
        {
            "target": "MCD_CLIP_PAXUSD_A",
            "source": "MCD_PAUSE_PROXY",
            "label": "ward",
            "timestamp": "2024-11-10T08:16:11.850Z"
        },
        {
            "target": "MCD_CLIP_PAXUSD_A",
            "source": "MCD_DOG",
            "label": "ward",
            "timestamp": "2024-11-10T08:16:11.850Z"
        },
        {
            "target": "MCD_CLIP_PAXUSD_A",
            "source": "MCD_ESM",
            "label": "ward",
            "timestamp": "2024-11-10T08:16:11.850Z"
        },
        {
            "target": "MCD_CLIP_PAXUSD_A",
            "source": "MCD_END",
            "label": "ward",
            "timestamp": "2024-11-10T08:16:11.850Z"
        },
        {
            "target": "MCD_CLIP_PAXUSD_A",
            "source": "CLIPPER_MOM",
            "label": "ward",
            "timestamp": "2024-11-10T08:16:11.850Z"
        },
        {
            "target": "MCD_CLIP_GUSD_A",
            "source": "MCD_PAUSE_PROXY",
            "label": "ward",
            "timestamp": "2024-11-10T08:20:44.976Z"
        },
        {
            "target": "MCD_CLIP_GUSD_A",
            "source": "MCD_DOG",
            "label": "ward",
            "timestamp": "2024-11-10T08:20:44.976Z"
        },
        {
            "target": "MCD_CLIP_GUSD_A",
            "source": "MCD_ESM",
            "label": "ward",
            "timestamp": "2024-11-10T08:20:44.976Z"
        },
        {
            "target": "MCD_CLIP_GUSD_A",
            "source": "MCD_END",
            "label": "ward",
            "timestamp": "2024-11-10T08:20:44.976Z"
        },
        {
            "target": "MCD_CLIP_GUSD_A",
            "source": "CLIPPER_MOM",
            "label": "ward",
            "timestamp": "2024-11-10T08:20:44.976Z"
        },
        {
            "target": "MCD_CLIP_PSM_USDC_A",
            "source": "MCD_PAUSE_PROXY",
            "label": "ward",
            "timestamp": "2024-11-10T08:22:48.889Z"
        },
        {
            "target": "MCD_CLIP_PSM_USDC_A",
            "source": "MCD_DOG",
            "label": "ward",
            "timestamp": "2024-11-10T08:22:48.889Z"
        },
        {
            "target": "MCD_CLIP_PSM_USDC_A",
            "source": "MCD_ESM",
            "label": "ward",
            "timestamp": "2024-11-10T08:22:48.889Z"
        },
        {
            "target": "MCD_CLIP_PSM_USDC_A",
            "source": "MCD_END",
            "label": "ward",
            "timestamp": "2024-11-10T08:22:48.889Z"
        },
        {
            "target": "MCD_CLIP_UNIV2DAIUSDC_A",
            "source": "MCD_PAUSE_PROXY",
            "label": "ward",
            "timestamp": "2024-11-10T08:24:56.019Z"
        },
        {
            "target": "MCD_CLIP_UNIV2DAIUSDC_A",
            "source": "MCD_DOG",
            "label": "ward",
            "timestamp": "2024-11-10T08:24:56.019Z"
        },
        {
            "target": "MCD_CLIP_UNIV2DAIUSDC_A",
            "source": "MCD_ESM",
            "label": "ward",
            "timestamp": "2024-11-10T08:24:56.019Z"
        },
        {
            "target": "MCD_CLIP_UNIV2DAIUSDC_A",
            "source": "MCD_END",
            "label": "ward",
            "timestamp": "2024-11-10T08:24:56.019Z"
        },
        {
            "target": "MCD_CLIP_PSM_PAX_A",
            "source": "MCD_PAUSE_PROXY",
            "label": "ward",
            "timestamp": "2024-11-10T08:26:59.790Z"
        },
        {
            "target": "MCD_CLIP_PSM_PAX_A",
            "source": "MCD_DOG",
            "label": "ward",
            "timestamp": "2024-11-10T08:26:59.790Z"
        },
        {
            "target": "MCD_CLIP_PSM_PAX_A",
            "source": "MCD_ESM",
            "label": "ward",
            "timestamp": "2024-11-10T08:26:59.790Z"
        },
        {
            "target": "MCD_CLIP_PSM_PAX_A",
            "source": "MCD_END",
            "label": "ward",
            "timestamp": "2024-11-10T08:26:59.790Z"
        },
        {
            "target": "MCD_CLIP_MATIC_A",
            "source": "MCD_PAUSE_PROXY",
            "label": "ward",
            "timestamp": "2024-11-10T08:29:07.743Z"
        },
        {
            "target": "MCD_CLIP_MATIC_A",
            "source": "MCD_DOG",
            "label": "ward",
            "timestamp": "2024-11-10T08:29:07.743Z"
        },
        {
            "target": "MCD_CLIP_MATIC_A",
            "source": "CLIPPER_MOM",
            "label": "ward",
            "timestamp": "2024-11-10T08:29:07.743Z"
        },
        {
            "target": "MCD_CLIP_MATIC_A",
            "source": "MCD_ESM",
            "label": "ward",
            "timestamp": "2024-11-10T08:29:07.743Z"
        },
        {
            "target": "MCD_CLIP_MATIC_A",
            "source": "MCD_END",
            "label": "ward",
            "timestamp": "2024-11-10T08:29:07.743Z"
        },
        {
            "target": "MCD_CLIP_GUNIV3DAIUSDC1_A",
            "source": "MCD_PAUSE_PROXY",
            "label": "ward",
            "timestamp": "2024-11-10T08:31:12.693Z"
        },
        {
            "target": "MCD_CLIP_GUNIV3DAIUSDC1_A",
            "source": "MCD_DOG",
            "label": "ward",
            "timestamp": "2024-11-10T08:31:12.693Z"
        },
        {
            "target": "MCD_CLIP_GUNIV3DAIUSDC1_A",
            "source": "MCD_ESM",
            "label": "ward",
            "timestamp": "2024-11-10T08:31:12.693Z"
        },
        {
            "target": "MCD_CLIP_GUNIV3DAIUSDC1_A",
            "source": "MCD_END",
            "label": "ward",
            "timestamp": "2024-11-10T08:31:12.693Z"
        },
        {
            "target": "MCD_CLIP_WSTETH_A",
            "source": "MCD_PAUSE_PROXY",
            "label": "ward",
            "timestamp": "2024-11-10T08:33:18.224Z"
        },
        {
            "target": "MCD_CLIP_WSTETH_A",
            "source": "MCD_DOG",
            "label": "ward",
            "timestamp": "2024-11-10T08:33:18.224Z"
        },
        {
            "target": "MCD_CLIP_WSTETH_A",
            "source": "CLIPPER_MOM",
            "label": "ward",
            "timestamp": "2024-11-10T08:33:18.224Z"
        },
        {
            "target": "MCD_CLIP_WSTETH_A",
            "source": "MCD_ESM",
            "label": "ward",
            "timestamp": "2024-11-10T08:33:18.224Z"
        },
        {
            "target": "MCD_CLIP_WSTETH_A",
            "source": "MCD_END",
            "label": "ward",
            "timestamp": "2024-11-10T08:33:18.224Z"
        },
        {
            "target": "MCD_CLIP_WBTC_B",
            "source": "MCD_PAUSE_PROXY",
            "label": "ward",
            "timestamp": "2024-11-10T08:35:26.701Z"
        },
        {
            "target": "MCD_CLIP_WBTC_B",
            "source": "MCD_DOG",
            "label": "ward",
            "timestamp": "2024-11-10T08:35:26.701Z"
        },
        {
            "target": "MCD_CLIP_WBTC_B",
            "source": "CLIPPER_MOM",
            "label": "ward",
            "timestamp": "2024-11-10T08:35:26.701Z"
        },
        {
            "target": "MCD_CLIP_WBTC_B",
            "source": "MCD_ESM",
            "label": "ward",
            "timestamp": "2024-11-10T08:35:26.701Z"
        },
        {
            "target": "MCD_CLIP_WBTC_B",
            "source": "MCD_END",
            "label": "ward",
            "timestamp": "2024-11-10T08:35:26.701Z"
        },
        {
            "target": "MCD_CLIP_WBTC_C",
            "source": "MCD_PAUSE_PROXY",
            "label": "ward",
            "timestamp": "2024-11-10T08:37:32.733Z"
        },
        {
            "target": "MCD_CLIP_WBTC_C",
            "source": "MCD_DOG",
            "label": "ward",
            "timestamp": "2024-11-10T08:37:32.733Z"
        },
        {
            "target": "MCD_CLIP_WBTC_C",
            "source": "CLIPPER_MOM",
            "label": "ward",
            "timestamp": "2024-11-10T08:37:32.733Z"
        },
        {
            "target": "MCD_CLIP_WBTC_C",
            "source": "MCD_ESM",
            "label": "ward",
            "timestamp": "2024-11-10T08:37:32.733Z"
        },
        {
            "target": "MCD_CLIP_WBTC_C",
            "source": "MCD_END",
            "label": "ward",
            "timestamp": "2024-11-10T08:37:32.733Z"
        },
        {
            "target": "MCD_CLIP_PSM_GUSD_A",
            "source": "MCD_PAUSE_PROXY",
            "label": "ward",
            "timestamp": "2024-11-10T08:39:38.963Z"
        },
        {
            "target": "MCD_CLIP_PSM_GUSD_A",
            "source": "MCD_DOG",
            "label": "ward",
            "timestamp": "2024-11-10T08:39:38.963Z"
        },
        {
            "target": "MCD_CLIP_PSM_GUSD_A",
            "source": "MCD_ESM",
            "label": "ward",
            "timestamp": "2024-11-10T08:39:38.963Z"
        },
        {
            "target": "MCD_CLIP_PSM_GUSD_A",
            "source": "MCD_END",
            "label": "ward",
            "timestamp": "2024-11-10T08:39:38.963Z"
        },
        {
            "target": "MCD_CLIP_GUNIV3DAIUSDC2_A",
            "source": "MCD_PAUSE_PROXY",
            "label": "ward",
            "timestamp": "2024-11-10T08:41:45.890Z"
        },
        {
            "target": "MCD_CLIP_GUNIV3DAIUSDC2_A",
            "source": "MCD_DOG",
            "label": "ward",
            "timestamp": "2024-11-10T08:41:45.890Z"
        },
        {
            "target": "MCD_CLIP_GUNIV3DAIUSDC2_A",
            "source": "MCD_ESM",
            "label": "ward",
            "timestamp": "2024-11-10T08:41:45.890Z"
        },
        {
            "target": "MCD_CLIP_GUNIV3DAIUSDC2_A",
            "source": "MCD_END",
            "label": "ward",
            "timestamp": "2024-11-10T08:41:45.890Z"
        },
        {
            "target": "MCD_CLIP_CRVV1ETHSTETH_A",
            "source": "MCD_PAUSE_PROXY",
            "label": "ward",
            "timestamp": "2024-11-10T08:43:50.698Z"
        },
        {
            "target": "MCD_CLIP_CRVV1ETHSTETH_A",
            "source": "MCD_DOG",
            "label": "ward",
            "timestamp": "2024-11-10T08:43:50.698Z"
        },
        {
            "target": "MCD_CLIP_CRVV1ETHSTETH_A",
            "source": "MCD_ESM",
            "label": "ward",
            "timestamp": "2024-11-10T08:43:50.698Z"
        },
        {
            "target": "MCD_CLIP_CRVV1ETHSTETH_A",
            "source": "CLIPPER_MOM",
            "label": "ward",
            "timestamp": "2024-11-10T08:43:50.698Z"
        },
        {
            "target": "MCD_CLIP_CRVV1ETHSTETH_A",
            "source": "MCD_END",
            "label": "ward",
            "timestamp": "2024-11-10T08:43:50.698Z"
        },
        {
            "target": "MCD_CLIP_WSTETH_B",
            "source": "MCD_PAUSE_PROXY",
            "label": "ward",
            "timestamp": "2024-11-10T08:45:55.599Z"
        },
        {
            "target": "MCD_CLIP_WSTETH_B",
            "source": "MCD_DOG",
            "label": "ward",
            "timestamp": "2024-11-10T08:45:55.599Z"
        },
        {
            "target": "MCD_CLIP_WSTETH_B",
            "source": "MCD_ESM",
            "label": "ward",
            "timestamp": "2024-11-10T08:45:55.599Z"
        },
        {
            "target": "MCD_CLIP_WSTETH_B",
            "source": "CLIPPER_MOM",
            "label": "ward",
            "timestamp": "2024-11-10T08:45:55.599Z"
        },
        {
            "target": "MCD_CLIP_WSTETH_B",
            "source": "MCD_END",
            "label": "ward",
            "timestamp": "2024-11-10T08:45:55.599Z"
        },
        {
            "target": "MCD_CLIP_RETH_A",
            "source": "MCD_PAUSE_PROXY",
            "label": "ward",
            "timestamp": "2024-11-10T08:48:02.046Z"
        },
        {
            "target": "MCD_CLIP_RETH_A",
            "source": "MCD_DOG",
            "label": "ward",
            "timestamp": "2024-11-10T08:48:02.046Z"
        },
        {
            "target": "MCD_CLIP_RETH_A",
            "source": "MCD_END",
            "label": "ward",
            "timestamp": "2024-11-10T08:48:02.046Z"
        },
        {
            "target": "MCD_CLIP_RETH_A",
            "source": "MCD_ESM",
            "label": "ward",
            "timestamp": "2024-11-10T08:48:02.046Z"
        },
        {
            "target": "MCD_CLIP_RETH_A",
            "source": "CLIPPER_MOM",
            "label": "ward",
            "timestamp": "2024-11-10T08:48:02.046Z"
        },
        {
            "target": "MCD_CLIP_GNO_A",
            "source": "MCD_PAUSE_PROXY",
            "label": "ward",
            "timestamp": "2024-11-10T08:50:05.639Z"
        },
        {
            "target": "MCD_CLIP_GNO_A",
            "source": "MCD_DOG",
            "label": "ward",
            "timestamp": "2024-11-10T08:50:05.639Z"
        },
        {
            "target": "MCD_CLIP_GNO_A",
            "source": "MCD_END",
            "label": "ward",
            "timestamp": "2024-11-10T08:50:05.639Z"
        },
        {
            "target": "MCD_CLIP_GNO_A",
            "source": "MCD_ESM",
            "label": "ward",
            "timestamp": "2024-11-10T08:50:05.639Z"
        },
        {
            "target": "MCD_CLIP_GNO_A",
            "source": "CLIPPER_MOM",
            "label": "ward",
            "timestamp": "2024-11-10T08:50:05.639Z"
        }
    ],
    "nodes": [
        {
            "id": "MCD_PAUSE_PROXY"
        },
        {
            "id": "PIP_LRC"
        },
        {
            "id": "0x1D5d9a2DDa0843eD9D8a9Bddc33F1fca9f9C64a0"
        },
        {
            "id": "MCD_PAUSE"
        },
        {
            "id": "OSM_MOM"
        },
        {
            "id": "MCD_SPOT"
        },
        {
            "id": "MCD_CLIP_LRC_A"
        },
        {
            "id": "CLIPPER_MOM"
        },
        {
            "id": "MCD_END"
        },
        {
            "id": "0x9b52465793cBce01DEbd9b3c2B029dc69d19D255"
        },
        {
            "id": "0x208266c96F9A4e61856EFe2417eaB3b9EF59B22f"
        },
        {
            "id": "MCD_ADM"
        },
        {
            "id": "0x2d3c90e3a9d216b353f555a73E1C70684D6032ad"
        },
        {
            "id": "0x335E4c29Cf5C87c9ea8b7d9263e41918739D1E46"
        },
        {
            "id": "MCD_DOG"
        },
        {
            "id": "MCD_ESM"
        },
        {
            "id": "MCD_CLIP_LINK_A"
        },
        {
            "id": "MCD_CLIP_YFI_A"
        },
        {
            "id": "MCD_CLIP_ETH_A"
        },
        {
            "id": "MCD_CLIP_ETH_B"
        },
        {
            "id": "MCD_CLIP_ETH_C"
        },
        {
            "id": "MCD_CLIP_WBTC_A"
        },
        {
            "id": "MCD_CLIP_BAT_A"
        },
        {
            "id": "MCD_CLIP_ZRX_A"
        },
        {
            "id": "MCD_CLIP_KNC_A"
        },
        {
            "id": "MCD_CLIP_MANA_A"
        },
        {
            "id": "MCD_CLIP_COMP_A"
        },
        {
            "id": "MCD_CLIP_BAL_A"
        },
        {
            "id": "MCD_CLIP_UNI_A"
        },
        {
            "id": "MCD_CLIP_RENBTC_A"
        },
        {
            "id": "MCD_CLIP_AAVE_A"
        },
        {
            "id": "MCD_CLIP_UNIV2DAIETH_A"
        },
        {
            "id": "MCD_CLIP_UNIV2USDCETH_A"
        },
        {
            "id": "MCD_CLIP_UNIV2ETHUSDT_A"
        },
        {
            "id": "MCD_CLIP_UNIV2WBTCDAI_A"
        },
        {
            "id": "MCD_CLIP_UNIV2WBTCETH_A"
        },
        {
            "id": "MCD_CLIP_UNIV2LINKETH_A"
        },
        {
            "id": "MCD_CLIP_UNIV2UNIETH_A"
        },
        {
            "id": "MCD_CLIP_UNIV2AAVEETH_A"
        },
        {
            "id": "MCD_CLIP_UNIV2DAIUSDT_A"
        },
        {
            "id": "MCD_CLIP_USDC_A"
        },
        {
            "id": "MCD_CLIP_USDC_B"
        },
        {
            "id": "MCD_CLIP_TUSD_A"
        },
        {
            "id": "MCD_CLIP_USDT_A"
        },
        {
            "id": "MCD_CLIP_PAXUSD_A"
        },
        {
            "id": "MCD_CLIP_GUSD_A"
        },
        {
            "id": "MCD_CLIP_PSM_USDC_A"
        },
        {
            "id": "MCD_CLIP_UNIV2DAIUSDC_A"
        },
        {
            "id": "MCD_CLIP_PSM_PAX_A"
        },
        {
            "id": "MCD_CLIP_MATIC_A"
        },
        {
            "id": "MCD_CLIP_GUNIV3DAIUSDC1_A"
        },
        {
            "id": "MCD_CLIP_WSTETH_A"
        },
        {
            "id": "MCD_CLIP_WBTC_B"
        },
        {
            "id": "MCD_CLIP_WBTC_C"
        },
        {
            "id": "MCD_CLIP_PSM_GUSD_A"
        },
        {
            "id": "MCD_CLIP_GUNIV3DAIUSDC2_A"
        },
        {
            "id": "MCD_CLIP_CRVV1ETHSTETH_A"
        },
        {
            "id": "MCD_CLIP_WSTETH_B"
        },
        {
            "id": "MCD_CLIP_RETH_A"
        },
        {
            "id": "MCD_CLIP_GNO_A"
        },
        {
            "id": "PIP_LRC_SRC"
        }
    ]
}