{
    "links": [
        {
            "target": "PIP_BAT_SRC",
            "source": "MCD_PAUSE_PROXY",
            "label": "ward",
            "timestamp": "2024-11-09T08:42:49.889Z"
        },
        {
            "target": "PIP_BAT_SRC",
            "source": "PIP_BAT",
            "label": "bud",
            "timestamp": "2024-11-09T08:42:49.889Z"
        },
        {
            "target": "MCD_PAUSE_PROXY",
            "source": "MCD_PAUSE",
            "label": "owner",
            "timestamp": "2024-11-09T08:44:50.056Z"
        },
        {
            "target": "PIP_BAT",
            "source": "MCD_PAUSE_PROXY",
            "label": "ward",
            "timestamp": "2024-11-09T08:47:47.999Z"
        },
        {
            "target": "PIP_BAT",
            "source": "OSM_MOM",
            "label": "ward",
            "timestamp": "2024-11-09T08:47:47.999Z"
        },
        {
            "target": "PIP_BAT",
            "source": "MCD_SPOT",
            "label": "bud",
            "timestamp": "2024-11-09T08:47:47.999Z"
        },
        {
            "target": "PIP_BAT",
            "source": "0xeAa474cbFFA87Ae0F1a6f68a3aBA6C77C656F72c",
            "label": "bud",
            "timestamp": "2024-11-09T08:47:47.999Z"
        },
        {
            "target": "PIP_BAT",
            "source": "MCD_CLIP_BAT_A",
            "label": "bud",
            "timestamp": "2024-11-09T08:47:47.999Z"
        },
        {
            "target": "PIP_BAT",
            "source": "CLIPPER_MOM",
            "label": "bud",
            "timestamp": "2024-11-09T08:47:47.999Z"
        },
        {
            "target": "PIP_BAT",
            "source": "MCD_END",
            "label": "bud",
            "timestamp": "2024-11-09T08:47:47.999Z"
        },
        {
            "target": "MCD_PAUSE",
            "source": "0x208266c96F9A4e61856EFe2417eaB3b9EF59B22f",
            "label": "owner",
            "timestamp": "2024-11-09T08:49:48.253Z"
        },
        {
            "target": "MCD_PAUSE",
            "source": "MCD_ADM",
            "label": "authority",
            "timestamp": "2024-11-09T08:49:48.253Z"
        },
        {
            "target": "OSM_MOM",
            "source": "MCD_PAUSE_PROXY",
            "label": "owner",
            "timestamp": "2024-11-09T08:51:45.510Z"
        },
        {
            "target": "OSM_MOM",
            "source": "MCD_ADM",
            "label": "authority",
            "timestamp": "2024-11-09T08:51:45.510Z"
        },
        {
            "target": "MCD_SPOT",
            "source": "MCD_PAUSE_PROXY",
            "label": "ward",
            "timestamp": "2024-11-09T08:54:05.045Z"
        },
        {
            "target": "MCD_SPOT",
            "source": "0x2d3c90e3a9d216b353f555a73E1C70684D6032ad",
            "label": "ward",
            "timestamp": "2024-11-09T08:54:05.045Z"
        },
        {
            "target": "MCD_SPOT",
            "source": "0x335E4c29Cf5C87c9ea8b7d9263e41918739D1E46",
            "label": "ward",
            "timestamp": "2024-11-09T08:54:05.045Z"
        },
        {
            "target": "MCD_SPOT",
            "source": "MCD_END",
            "label": "ward",
            "timestamp": "2024-11-09T08:54:05.045Z"
        },
        {
            "target": "0xeAa474cbFFA87Ae0F1a6f68a3aBA6C77C656F72c",
            "source": "0x0528A32fda5beDf89Ba9ad67296db83c9452F28C",
            "label": "owner",
            "timestamp": "2024-11-09T08:56:06.133Z"
        },
        {
            "target": "MCD_CLIP_BAT_A",
            "source": "MCD_PAUSE_PROXY",
            "label": "ward",
            "timestamp": "2024-11-09T08:58:02.304Z"
        },
        {
            "target": "MCD_CLIP_BAT_A",
            "source": "MCD_DOG",
            "label": "ward",
            "timestamp": "2024-11-09T08:58:02.304Z"
        },
        {
            "target": "MCD_CLIP_BAT_A",
            "source": "CLIPPER_MOM",
            "label": "ward",
            "timestamp": "2024-11-09T08:58:02.304Z"
        },
        {
            "target": "MCD_CLIP_BAT_A",
            "source": "MCD_ESM",
            "label": "ward",
            "timestamp": "2024-11-09T08:58:02.304Z"
        },
        {
            "target": "MCD_CLIP_BAT_A",
            "source": "MCD_END",
            "label": "ward",
            "timestamp": "2024-11-09T08:58:02.304Z"
        },
        {
            "target": "CLIPPER_MOM",
            "source": "MCD_PAUSE_PROXY",
            "label": "owner",
            "timestamp": "2024-11-09T09:00:00.324Z"
        },
        {
            "target": "CLIPPER_MOM",
            "source": "MCD_ADM",
            "label": "authority",
            "timestamp": "2024-11-09T09:00:00.324Z"
        },
        {
            "target": "MCD_END",
            "source": "MCD_PAUSE_PROXY",
            "label": "ward",
            "timestamp": "2024-11-09T09:03:32.622Z"
        },
        {
            "target": "MCD_END",
            "source": "MCD_ESM",
            "label": "ward",
            "timestamp": "2024-11-09T09:03:32.622Z"
        },
        {
            "target": "0x208266c96F9A4e61856EFe2417eaB3b9EF59B22f",
            "source": "0x208266c96F9A4e61856EFe2417eaB3b9EF59B22f",
            "label": "externally owned account",
            "timestamp": "2024-11-09T09:05:35.201Z"
        },
        {
            "target": "MCD_ADM",
            "source": "MCD_ADM",
            "label": "authority",
            "timestamp": "2024-11-09T09:07:39.233Z"
        },
        {
            "target": "0x0528A32fda5beDf89Ba9ad67296db83c9452F28C",
            "source": "0x0528A32fda5beDf89Ba9ad67296db83c9452F28C",
            "label": "externally owned account",
            "timestamp": "2024-11-09T09:13:37.930Z"
        },
        {
            "target": "MCD_DOG",
            "source": "MCD_PAUSE_PROXY",
            "label": "ward",
            "timestamp": "2024-11-09T09:15:51.149Z"
        },
        {
            "target": "MCD_DOG",
            "source": "MCD_CLIP_LINK_A",
            "label": "ward",
            "timestamp": "2024-11-09T09:15:51.149Z"
        },
        {
            "target": "MCD_DOG",
            "source": "MCD_CLIP_YFI_A",
            "label": "ward",
            "timestamp": "2024-11-09T09:15:51.149Z"
        },
        {
            "target": "MCD_DOG",
            "source": "MCD_CLIP_ETH_A",
            "label": "ward",
            "timestamp": "2024-11-09T09:15:51.149Z"
        },
        {
            "target": "MCD_DOG",
            "source": "MCD_CLIP_ETH_B",
            "label": "ward",
            "timestamp": "2024-11-09T09:15:51.149Z"
        },
        {
            "target": "MCD_DOG",
            "source": "MCD_CLIP_ETH_C",
            "label": "ward",
            "timestamp": "2024-11-09T09:15:51.149Z"
        },
        {
            "target": "MCD_DOG",
            "source": "MCD_CLIP_WBTC_A",
            "label": "ward",
            "timestamp": "2024-11-09T09:15:51.149Z"
        },
        {
            "target": "MCD_DOG",
            "source": "MCD_CLIP_BAT_A",
            "label": "ward",
            "timestamp": "2024-11-09T09:15:51.149Z"
        },
        {
            "target": "MCD_DOG",
            "source": "MCD_CLIP_ZRX_A",
            "label": "ward",
            "timestamp": "2024-11-09T09:15:51.149Z"
        },
        {
            "target": "MCD_DOG",
            "source": "MCD_CLIP_KNC_A",
            "label": "ward",
            "timestamp": "2024-11-09T09:15:51.149Z"
        },
        {
            "target": "MCD_DOG",
            "source": "MCD_CLIP_MANA_A",
            "label": "ward",
            "timestamp": "2024-11-09T09:15:51.149Z"
        },
        {
            "target": "MCD_DOG",
            "source": "MCD_CLIP_COMP_A",
            "label": "ward",
            "timestamp": "2024-11-09T09:15:51.149Z"
        },
        {
            "target": "MCD_DOG",
            "source": "MCD_CLIP_LRC_A",
            "label": "ward",
            "timestamp": "2024-11-09T09:15:51.149Z"
        },
        {
            "target": "MCD_DOG",
            "source": "MCD_CLIP_BAL_A",
            "label": "ward",
            "timestamp": "2024-11-09T09:15:51.149Z"
        },
        {
            "target": "MCD_DOG",
            "source": "MCD_CLIP_UNI_A",
            "label": "ward",
            "timestamp": "2024-11-09T09:15:51.149Z"
        },
        {
            "target": "MCD_DOG",
            "source": "MCD_CLIP_RENBTC_A",
            "label": "ward",
            "timestamp": "2024-11-09T09:15:51.149Z"
        },
        {
            "target": "MCD_DOG",
            "source": "MCD_CLIP_AAVE_A",
            "label": "ward",
            "timestamp": "2024-11-09T09:15:51.149Z"
        },
        {
            "target": "MCD_DOG",
            "source": "MCD_CLIP_UNIV2DAIETH_A",
            "label": "ward",
            "timestamp": "2024-11-09T09:15:51.149Z"
        },
        {
            "target": "MCD_DOG",
            "source": "MCD_CLIP_UNIV2USDCETH_A",
            "label": "ward",
            "timestamp": "2024-11-09T09:15:51.149Z"
        },
        {
            "target": "MCD_DOG",
            "source": "MCD_CLIP_UNIV2ETHUSDT_A",
            "label": "ward",
            "timestamp": "2024-11-09T09:15:51.149Z"
        },
        {
            "target": "MCD_DOG",
            "source": "MCD_CLIP_UNIV2WBTCDAI_A",
            "label": "ward",
            "timestamp": "2024-11-09T09:15:51.149Z"
        },
        {
            "target": "MCD_DOG",
            "source": "MCD_CLIP_UNIV2WBTCETH_A",
            "label": "ward",
            "timestamp": "2024-11-09T09:15:51.149Z"
        },
        {
            "target": "MCD_DOG",
            "source": "MCD_CLIP_UNIV2LINKETH_A",
            "label": "ward",
            "timestamp": "2024-11-09T09:15:51.149Z"
        },
        {
            "target": "MCD_DOG",
            "source": "MCD_CLIP_UNIV2UNIETH_A",
            "label": "ward",
            "timestamp": "2024-11-09T09:15:51.149Z"
        },
        {
            "target": "MCD_DOG",
            "source": "MCD_CLIP_UNIV2AAVEETH_A",
            "label": "ward",
            "timestamp": "2024-11-09T09:15:51.149Z"
        },
        {
            "target": "MCD_DOG",
            "source": "MCD_CLIP_UNIV2DAIUSDT_A",
            "label": "ward",
            "timestamp": "2024-11-09T09:15:51.149Z"
        },
        {
            "target": "MCD_DOG",
            "source": "MCD_CLIP_USDC_A",
            "label": "ward",
            "timestamp": "2024-11-09T09:15:51.149Z"
        },
        {
            "target": "MCD_DOG",
            "source": "MCD_CLIP_USDC_B",
            "label": "ward",
            "timestamp": "2024-11-09T09:15:51.149Z"
        },
        {
            "target": "MCD_DOG",
            "source": "MCD_CLIP_TUSD_A",
            "label": "ward",
            "timestamp": "2024-11-09T09:15:51.149Z"
        },
        {
            "target": "MCD_DOG",
            "source": "MCD_CLIP_USDT_A",
            "label": "ward",
            "timestamp": "2024-11-09T09:15:51.149Z"
        },
        {
            "target": "MCD_DOG",
            "source": "MCD_CLIP_PAXUSD_A",
            "label": "ward",
            "timestamp": "2024-11-09T09:15:51.149Z"
        },
        {
            "target": "MCD_DOG",
            "source": "MCD_CLIP_GUSD_A",
            "label": "ward",
            "timestamp": "2024-11-09T09:15:51.149Z"
        },
        {
            "target": "MCD_DOG",
            "source": "MCD_CLIP_PSM_USDC_A",
            "label": "ward",
            "timestamp": "2024-11-09T09:15:51.149Z"
        },
        {
            "target": "MCD_DOG",
            "source": "MCD_CLIP_UNIV2DAIUSDC_A",
            "label": "ward",
            "timestamp": "2024-11-09T09:15:51.149Z"
        },
        {
            "target": "MCD_DOG",
            "source": "MCD_CLIP_PSM_PAX_A",
            "label": "ward",
            "timestamp": "2024-11-09T09:15:51.149Z"
        },
        {
            "target": "MCD_DOG",
            "source": "MCD_CLIP_MATIC_A",
            "label": "ward",
            "timestamp": "2024-11-09T09:15:51.149Z"
        },
        {
            "target": "MCD_DOG",
            "source": "MCD_CLIP_GUNIV3DAIUSDC1_A",
            "label": "ward",
            "timestamp": "2024-11-09T09:15:51.149Z"
        },
        {
            "target": "MCD_DOG",
            "source": "MCD_CLIP_WSTETH_A",
            "label": "ward",
            "timestamp": "2024-11-09T09:15:51.149Z"
        },
        {
            "target": "MCD_DOG",
            "source": "MCD_CLIP_WBTC_B",
            "label": "ward",
            "timestamp": "2024-11-09T09:15:51.149Z"
        },
        {
            "target": "MCD_DOG",
            "source": "MCD_CLIP_WBTC_C",
            "label": "ward",
            "timestamp": "2024-11-09T09:15:51.149Z"
        },
        {
            "target": "MCD_DOG",
            "source": "MCD_CLIP_PSM_GUSD_A",
            "label": "ward",
            "timestamp": "2024-11-09T09:15:51.149Z"
        },
        {
            "target": "MCD_DOG",
            "source": "MCD_CLIP_GUNIV3DAIUSDC2_A",
            "label": "ward",
            "timestamp": "2024-11-09T09:15:51.149Z"
        },
        {
            "target": "MCD_DOG",
            "source": "MCD_CLIP_CRVV1ETHSTETH_A",
            "label": "ward",
            "timestamp": "2024-11-09T09:15:51.149Z"
        },
        {
            "target": "MCD_DOG",
            "source": "MCD_CLIP_WSTETH_B",
            "label": "ward",
            "timestamp": "2024-11-09T09:15:51.149Z"
        },
        {
            "target": "MCD_DOG",
            "source": "MCD_END",
            "label": "ward",
            "timestamp": "2024-11-09T09:15:51.149Z"
        },
        {
            "target": "MCD_DOG",
            "source": "MCD_CLIP_RETH_A",
            "label": "ward",
            "timestamp": "2024-11-09T09:15:51.149Z"
        },
        {
            "target": "MCD_DOG",
            "source": "MCD_CLIP_GNO_A",
            "label": "ward",
            "timestamp": "2024-11-09T09:15:51.149Z"
        },
        {
            "target": "MCD_ESM",
            "source": "MCD_PAUSE_PROXY",
            "label": "ward",
            "timestamp": "2024-11-09T09:17:47.638Z"
        },
        {
            "target": "MCD_CLIP_LINK_A",
            "source": "MCD_PAUSE_PROXY",
            "label": "ward",
            "timestamp": "2024-11-09T09:19:50.551Z"
        },
        {
            "target": "MCD_CLIP_LINK_A",
            "source": "MCD_DOG",
            "label": "ward",
            "timestamp": "2024-11-09T09:19:50.551Z"
        },
        {
            "target": "MCD_CLIP_LINK_A",
            "source": "CLIPPER_MOM",
            "label": "ward",
            "timestamp": "2024-11-09T09:19:50.551Z"
        },
        {
            "target": "MCD_CLIP_LINK_A",
            "source": "MCD_ESM",
            "label": "ward",
            "timestamp": "2024-11-09T09:19:50.551Z"
        },
        {
            "target": "MCD_CLIP_LINK_A",
            "source": "MCD_END",
            "label": "ward",
            "timestamp": "2024-11-09T09:19:50.551Z"
        },
        {
            "target": "MCD_CLIP_YFI_A",
            "source": "MCD_PAUSE_PROXY",
            "label": "ward",
            "timestamp": "2024-11-09T09:21:46.202Z"
        },
        {
            "target": "MCD_CLIP_YFI_A",
            "source": "MCD_DOG",
            "label": "ward",
            "timestamp": "2024-11-09T09:21:46.202Z"
        },
        {
            "target": "MCD_CLIP_YFI_A",
            "source": "CLIPPER_MOM",
            "label": "ward",
            "timestamp": "2024-11-09T09:21:46.202Z"
        },
        {
            "target": "MCD_CLIP_YFI_A",
            "source": "MCD_ESM",
            "label": "ward",
            "timestamp": "2024-11-09T09:21:46.202Z"
        },
        {
            "target": "MCD_CLIP_YFI_A",
            "source": "MCD_END",
            "label": "ward",
            "timestamp": "2024-11-09T09:21:46.202Z"
        },
        {
            "target": "MCD_CLIP_ETH_A",
            "source": "MCD_PAUSE_PROXY",
            "label": "ward",
            "timestamp": "2024-11-09T09:23:46.123Z"
        },
        {
            "target": "MCD_CLIP_ETH_A",
            "source": "MCD_DOG",
            "label": "ward",
            "timestamp": "2024-11-09T09:23:46.123Z"
        },
        {
            "target": "MCD_CLIP_ETH_A",
            "source": "CLIPPER_MOM",
            "label": "ward",
            "timestamp": "2024-11-09T09:23:46.123Z"
        },
        {
            "target": "MCD_CLIP_ETH_A",
            "source": "MCD_ESM",
            "label": "ward",
            "timestamp": "2024-11-09T09:23:46.123Z"
        },
        {
            "target": "MCD_CLIP_ETH_A",
            "source": "MCD_END",
            "label": "ward",
            "timestamp": "2024-11-09T09:23:46.123Z"
        },
        {
            "target": "MCD_CLIP_ETH_B",
            "source": "MCD_PAUSE_PROXY",
            "label": "ward",
            "timestamp": "2024-11-09T09:25:47.395Z"
        },
        {
            "target": "MCD_CLIP_ETH_B",
            "source": "MCD_DOG",
            "label": "ward",
            "timestamp": "2024-11-09T09:25:47.395Z"
        },
        {
            "target": "MCD_CLIP_ETH_B",
            "source": "CLIPPER_MOM",
            "label": "ward",
            "timestamp": "2024-11-09T09:25:47.395Z"
        },
        {
            "target": "MCD_CLIP_ETH_B",
            "source": "MCD_ESM",
            "label": "ward",
            "timestamp": "2024-11-09T09:25:47.395Z"
        },
        {
            "target": "MCD_CLIP_ETH_B",
            "source": "MCD_END",
            "label": "ward",
            "timestamp": "2024-11-09T09:25:47.395Z"
        },
        {
            "target": "MCD_CLIP_ETH_C",
            "source": "MCD_PAUSE_PROXY",
            "label": "ward",
            "timestamp": "2024-11-09T09:27:48.551Z"
        },
        {
            "target": "MCD_CLIP_ETH_C",
            "source": "MCD_DOG",
            "label": "ward",
            "timestamp": "2024-11-09T09:27:48.551Z"
        },
        {
            "target": "MCD_CLIP_ETH_C",
            "source": "CLIPPER_MOM",
            "label": "ward",
            "timestamp": "2024-11-09T09:27:48.551Z"
        },
        {
            "target": "MCD_CLIP_ETH_C",
            "source": "MCD_ESM",
            "label": "ward",
            "timestamp": "2024-11-09T09:27:48.551Z"
        },
        {
            "target": "MCD_CLIP_ETH_C",
            "source": "MCD_END",
            "label": "ward",
            "timestamp": "2024-11-09T09:27:48.551Z"
        },
        {
            "target": "MCD_CLIP_WBTC_A",
            "source": "MCD_PAUSE_PROXY",
            "label": "ward",
            "timestamp": "2024-11-09T09:29:51.681Z"
        },
        {
            "target": "MCD_CLIP_WBTC_A",
            "source": "MCD_DOG",
            "label": "ward",
            "timestamp": "2024-11-09T09:29:51.681Z"
        },
        {
            "target": "MCD_CLIP_WBTC_A",
            "source": "CLIPPER_MOM",
            "label": "ward",
            "timestamp": "2024-11-09T09:29:51.681Z"
        },
        {
            "target": "MCD_CLIP_WBTC_A",
            "source": "MCD_ESM",
            "label": "ward",
            "timestamp": "2024-11-09T09:29:51.681Z"
        },
        {
            "target": "MCD_CLIP_WBTC_A",
            "source": "MCD_END",
            "label": "ward",
            "timestamp": "2024-11-09T09:29:51.681Z"
        },
        {
            "target": "MCD_CLIP_ZRX_A",
            "source": "MCD_PAUSE_PROXY",
            "label": "ward",
            "timestamp": "2024-11-09T09:31:51.256Z"
        },
        {
            "target": "MCD_CLIP_ZRX_A",
            "source": "MCD_DOG",
            "label": "ward",
            "timestamp": "2024-11-09T09:31:51.256Z"
        },
        {
            "target": "MCD_CLIP_ZRX_A",
            "source": "CLIPPER_MOM",
            "label": "ward",
            "timestamp": "2024-11-09T09:31:51.256Z"
        },
        {
            "target": "MCD_CLIP_ZRX_A",
            "source": "MCD_ESM",
            "label": "ward",
            "timestamp": "2024-11-09T09:31:51.256Z"
        },
        {
            "target": "MCD_CLIP_ZRX_A",
            "source": "MCD_END",
            "label": "ward",
            "timestamp": "2024-11-09T09:31:51.256Z"
        },
        {
            "target": "MCD_CLIP_KNC_A",
            "source": "MCD_PAUSE_PROXY",
            "label": "ward",
            "timestamp": "2024-11-09T09:33:56.216Z"
        },
        {
            "target": "MCD_CLIP_KNC_A",
            "source": "MCD_DOG",
            "label": "ward",
            "timestamp": "2024-11-09T09:33:56.216Z"
        },
        {
            "target": "MCD_CLIP_KNC_A",
            "source": "CLIPPER_MOM",
            "label": "ward",
            "timestamp": "2024-11-09T09:33:56.216Z"
        },
        {
            "target": "MCD_CLIP_KNC_A",
            "source": "MCD_ESM",
            "label": "ward",
            "timestamp": "2024-11-09T09:33:56.216Z"
        },
        {
            "target": "MCD_CLIP_KNC_A",
            "source": "MCD_END",
            "label": "ward",
            "timestamp": "2024-11-09T09:33:56.216Z"
        },
        {
            "target": "MCD_CLIP_MANA_A",
            "source": "MCD_PAUSE_PROXY",
            "label": "ward",
            "timestamp": "2024-11-09T09:35:59.617Z"
        },
        {
            "target": "MCD_CLIP_MANA_A",
            "source": "MCD_DOG",
            "label": "ward",
            "timestamp": "2024-11-09T09:35:59.617Z"
        },
        {
            "target": "MCD_CLIP_MANA_A",
            "source": "CLIPPER_MOM",
            "label": "ward",
            "timestamp": "2024-11-09T09:35:59.617Z"
        },
        {
            "target": "MCD_CLIP_MANA_A",
            "source": "MCD_ESM",
            "label": "ward",
            "timestamp": "2024-11-09T09:35:59.617Z"
        },
        {
            "target": "MCD_CLIP_MANA_A",
            "source": "MCD_END",
            "label": "ward",
            "timestamp": "2024-11-09T09:35:59.617Z"
        },
        {
            "target": "MCD_CLIP_COMP_A",
            "source": "MCD_PAUSE_PROXY",
            "label": "ward",
            "timestamp": "2024-11-09T09:38:04.838Z"
        },
        {
            "target": "MCD_CLIP_COMP_A",
            "source": "MCD_DOG",
            "label": "ward",
            "timestamp": "2024-11-09T09:38:04.838Z"
        },
        {
            "target": "MCD_CLIP_COMP_A",
            "source": "CLIPPER_MOM",
            "label": "ward",
            "timestamp": "2024-11-09T09:38:04.838Z"
        },
        {
            "target": "MCD_CLIP_COMP_A",
            "source": "MCD_ESM",
            "label": "ward",
            "timestamp": "2024-11-09T09:38:04.838Z"
        },
        {
            "target": "MCD_CLIP_COMP_A",
            "source": "MCD_END",
            "label": "ward",
            "timestamp": "2024-11-09T09:38:04.838Z"
        },
        {
            "target": "MCD_CLIP_LRC_A",
            "source": "MCD_PAUSE_PROXY",
            "label": "ward",
            "timestamp": "2024-11-09T09:40:09.158Z"
        },
        {
            "target": "MCD_CLIP_LRC_A",
            "source": "MCD_DOG",
            "label": "ward",
            "timestamp": "2024-11-09T09:40:09.158Z"
        },
        {
            "target": "MCD_CLIP_LRC_A",
            "source": "CLIPPER_MOM",
            "label": "ward",
            "timestamp": "2024-11-09T09:40:09.158Z"
        },
        {
            "target": "MCD_CLIP_LRC_A",
            "source": "MCD_ESM",
            "label": "ward",
            "timestamp": "2024-11-09T09:40:09.158Z"
        },
        {
            "target": "MCD_CLIP_LRC_A",
            "source": "MCD_END",
            "label": "ward",
            "timestamp": "2024-11-09T09:40:09.158Z"
        },
        {
            "target": "MCD_CLIP_BAL_A",
            "source": "MCD_PAUSE_PROXY",
            "label": "ward",
            "timestamp": "2024-11-09T09:42:08.310Z"
        },
        {
            "target": "MCD_CLIP_BAL_A",
            "source": "MCD_DOG",
            "label": "ward",
            "timestamp": "2024-11-09T09:42:08.310Z"
        },
        {
            "target": "MCD_CLIP_BAL_A",
            "source": "CLIPPER_MOM",
            "label": "ward",
            "timestamp": "2024-11-09T09:42:08.310Z"
        },
        {
            "target": "MCD_CLIP_BAL_A",
            "source": "MCD_ESM",
            "label": "ward",
            "timestamp": "2024-11-09T09:42:08.310Z"
        },
        {
            "target": "MCD_CLIP_BAL_A",
            "source": "MCD_END",
            "label": "ward",
            "timestamp": "2024-11-09T09:42:08.310Z"
        },
        {
            "target": "MCD_CLIP_UNI_A",
            "source": "MCD_PAUSE_PROXY",
            "label": "ward",
            "timestamp": "2024-11-09T09:44:08.702Z"
        },
        {
            "target": "MCD_CLIP_UNI_A",
            "source": "MCD_DOG",
            "label": "ward",
            "timestamp": "2024-11-09T09:44:08.702Z"
        },
        {
            "target": "MCD_CLIP_UNI_A",
            "source": "CLIPPER_MOM",
            "label": "ward",
            "timestamp": "2024-11-09T09:44:08.702Z"
        },
        {
            "target": "MCD_CLIP_UNI_A",
            "source": "MCD_ESM",
            "label": "ward",
            "timestamp": "2024-11-09T09:44:08.702Z"
        },
        {
            "target": "MCD_CLIP_UNI_A",
            "source": "MCD_END",
            "label": "ward",
            "timestamp": "2024-11-09T09:44:08.702Z"
        },
        {
            "target": "MCD_CLIP_RENBTC_A",
            "source": "MCD_PAUSE_PROXY",
            "label": "ward",
            "timestamp": "2024-11-09T09:46:08.492Z"
        },
        {
            "target": "MCD_CLIP_RENBTC_A",
            "source": "MCD_DOG",
            "label": "ward",
            "timestamp": "2024-11-09T09:46:08.492Z"
        },
        {
            "target": "MCD_CLIP_RENBTC_A",
            "source": "CLIPPER_MOM",
            "label": "ward",
            "timestamp": "2024-11-09T09:46:08.492Z"
        },
        {
            "target": "MCD_CLIP_RENBTC_A",
            "source": "MCD_ESM",
            "label": "ward",
            "timestamp": "2024-11-09T09:46:08.492Z"
        },
        {
            "target": "MCD_CLIP_RENBTC_A",
            "source": "MCD_END",
            "label": "ward",
            "timestamp": "2024-11-09T09:46:08.492Z"
        },
        {
            "target": "MCD_CLIP_AAVE_A",
            "source": "MCD_PAUSE_PROXY",
            "label": "ward",
            "timestamp": "2024-11-09T09:48:06.132Z"
        },
        {
            "target": "MCD_CLIP_AAVE_A",
            "source": "MCD_DOG",
            "label": "ward",
            "timestamp": "2024-11-09T09:48:06.132Z"
        },
        {
            "target": "MCD_CLIP_AAVE_A",
            "source": "CLIPPER_MOM",
            "label": "ward",
            "timestamp": "2024-11-09T09:48:06.132Z"
        },
        {
            "target": "MCD_CLIP_AAVE_A",
            "source": "MCD_ESM",
            "label": "ward",
            "timestamp": "2024-11-09T09:48:06.132Z"
        },
        {
            "target": "MCD_CLIP_AAVE_A",
            "source": "MCD_END",
            "label": "ward",
            "timestamp": "2024-11-09T09:48:06.132Z"
        },
        {
            "target": "MCD_CLIP_UNIV2DAIETH_A",
            "source": "MCD_PAUSE_PROXY",
            "label": "ward",
            "timestamp": "2024-11-09T09:50:13.910Z"
        },
        {
            "target": "MCD_CLIP_UNIV2DAIETH_A",
            "source": "MCD_DOG",
            "label": "ward",
            "timestamp": "2024-11-09T09:50:13.910Z"
        },
        {
            "target": "MCD_CLIP_UNIV2DAIETH_A",
            "source": "CLIPPER_MOM",
            "label": "ward",
            "timestamp": "2024-11-09T09:50:13.910Z"
        },
        {
            "target": "MCD_CLIP_UNIV2DAIETH_A",
            "source": "MCD_ESM",
            "label": "ward",
            "timestamp": "2024-11-09T09:50:13.910Z"
        },
        {
            "target": "MCD_CLIP_UNIV2DAIETH_A",
            "source": "MCD_END",
            "label": "ward",
            "timestamp": "2024-11-09T09:50:13.910Z"
        },
        {
            "target": "MCD_CLIP_UNIV2USDCETH_A",
            "source": "MCD_PAUSE_PROXY",
            "label": "ward",
            "timestamp": "2024-11-09T09:52:17.317Z"
        },
        {
            "target": "MCD_CLIP_UNIV2USDCETH_A",
            "source": "MCD_DOG",
            "label": "ward",
            "timestamp": "2024-11-09T09:52:17.317Z"
        },
        {
            "target": "MCD_CLIP_UNIV2USDCETH_A",
            "source": "CLIPPER_MOM",
            "label": "ward",
            "timestamp": "2024-11-09T09:52:17.317Z"
        },
        {
            "target": "MCD_CLIP_UNIV2USDCETH_A",
            "source": "MCD_ESM",
            "label": "ward",
            "timestamp": "2024-11-09T09:52:17.317Z"
        },
        {
            "target": "MCD_CLIP_UNIV2USDCETH_A",
            "source": "MCD_END",
            "label": "ward",
            "timestamp": "2024-11-09T09:52:17.317Z"
        },
        {
            "target": "MCD_CLIP_UNIV2ETHUSDT_A",
            "source": "MCD_PAUSE_PROXY",
            "label": "ward",
            "timestamp": "2024-11-09T09:54:22.447Z"
        },
        {
            "target": "MCD_CLIP_UNIV2ETHUSDT_A",
            "source": "MCD_DOG",
            "label": "ward",
            "timestamp": "2024-11-09T09:54:22.447Z"
        },
        {
            "target": "MCD_CLIP_UNIV2ETHUSDT_A",
            "source": "CLIPPER_MOM",
            "label": "ward",
            "timestamp": "2024-11-09T09:54:22.447Z"
        },
        {
            "target": "MCD_CLIP_UNIV2ETHUSDT_A",
            "source": "MCD_ESM",
            "label": "ward",
            "timestamp": "2024-11-09T09:54:22.447Z"
        },
        {
            "target": "MCD_CLIP_UNIV2ETHUSDT_A",
            "source": "MCD_END",
            "label": "ward",
            "timestamp": "2024-11-09T09:54:22.447Z"
        },
        {
            "target": "MCD_CLIP_UNIV2WBTCDAI_A",
            "source": "MCD_PAUSE_PROXY",
            "label": "ward",
            "timestamp": "2024-11-09T09:56:20.195Z"
        },
        {
            "target": "MCD_CLIP_UNIV2WBTCDAI_A",
            "source": "MCD_DOG",
            "label": "ward",
            "timestamp": "2024-11-09T09:56:20.195Z"
        },
        {
            "target": "MCD_CLIP_UNIV2WBTCDAI_A",
            "source": "CLIPPER_MOM",
            "label": "ward",
            "timestamp": "2024-11-09T09:56:20.195Z"
        },
        {
            "target": "MCD_CLIP_UNIV2WBTCDAI_A",
            "source": "MCD_ESM",
            "label": "ward",
            "timestamp": "2024-11-09T09:56:20.195Z"
        },
        {
            "target": "MCD_CLIP_UNIV2WBTCDAI_A",
            "source": "MCD_END",
            "label": "ward",
            "timestamp": "2024-11-09T09:56:20.195Z"
        },
        {
            "target": "MCD_CLIP_UNIV2WBTCETH_A",
            "source": "MCD_PAUSE_PROXY",
            "label": "ward",
            "timestamp": "2024-11-09T09:58:19.157Z"
        },
        {
            "target": "MCD_CLIP_UNIV2WBTCETH_A",
            "source": "MCD_DOG",
            "label": "ward",
            "timestamp": "2024-11-09T09:58:19.157Z"
        },
        {
            "target": "MCD_CLIP_UNIV2WBTCETH_A",
            "source": "CLIPPER_MOM",
            "label": "ward",
            "timestamp": "2024-11-09T09:58:19.157Z"
        },
        {
            "target": "MCD_CLIP_UNIV2WBTCETH_A",
            "source": "MCD_ESM",
            "label": "ward",
            "timestamp": "2024-11-09T09:58:19.157Z"
        },
        {
            "target": "MCD_CLIP_UNIV2WBTCETH_A",
            "source": "MCD_END",
            "label": "ward",
            "timestamp": "2024-11-09T09:58:19.157Z"
        },
        {
            "target": "MCD_CLIP_UNIV2LINKETH_A",
            "source": "MCD_PAUSE_PROXY",
            "label": "ward",
            "timestamp": "2024-11-09T10:00:21.612Z"
        },
        {
            "target": "MCD_CLIP_UNIV2LINKETH_A",
            "source": "MCD_DOG",
            "label": "ward",
            "timestamp": "2024-11-09T10:00:21.612Z"
        },
        {
            "target": "MCD_CLIP_UNIV2LINKETH_A",
            "source": "CLIPPER_MOM",
            "label": "ward",
            "timestamp": "2024-11-09T10:00:21.612Z"
        },
        {
            "target": "MCD_CLIP_UNIV2LINKETH_A",
            "source": "MCD_ESM",
            "label": "ward",
            "timestamp": "2024-11-09T10:00:21.612Z"
        },
        {
            "target": "MCD_CLIP_UNIV2LINKETH_A",
            "source": "MCD_END",
            "label": "ward",
            "timestamp": "2024-11-09T10:00:21.612Z"
        },
        {
            "target": "MCD_CLIP_UNIV2UNIETH_A",
            "source": "MCD_PAUSE_PROXY",
            "label": "ward",
            "timestamp": "2024-11-09T10:02:27.588Z"
        },
        {
            "target": "MCD_CLIP_UNIV2UNIETH_A",
            "source": "MCD_DOG",
            "label": "ward",
            "timestamp": "2024-11-09T10:02:27.588Z"
        },
        {
            "target": "MCD_CLIP_UNIV2UNIETH_A",
            "source": "CLIPPER_MOM",
            "label": "ward",
            "timestamp": "2024-11-09T10:02:27.588Z"
        },
        {
            "target": "MCD_CLIP_UNIV2UNIETH_A",
            "source": "MCD_ESM",
            "label": "ward",
            "timestamp": "2024-11-09T10:02:27.588Z"
        },
        {
            "target": "MCD_CLIP_UNIV2UNIETH_A",
            "source": "MCD_END",
            "label": "ward",
            "timestamp": "2024-11-09T10:02:27.588Z"
        },
        {
            "target": "MCD_CLIP_UNIV2AAVEETH_A",
            "source": "MCD_PAUSE_PROXY",
            "label": "ward",
            "timestamp": "2024-11-09T10:04:29.001Z"
        },
        {
            "target": "MCD_CLIP_UNIV2AAVEETH_A",
            "source": "MCD_DOG",
            "label": "ward",
            "timestamp": "2024-11-09T10:04:29.001Z"
        },
        {
            "target": "MCD_CLIP_UNIV2AAVEETH_A",
            "source": "CLIPPER_MOM",
            "label": "ward",
            "timestamp": "2024-11-09T10:04:29.001Z"
        },
        {
            "target": "MCD_CLIP_UNIV2AAVEETH_A",
            "source": "MCD_ESM",
            "label": "ward",
            "timestamp": "2024-11-09T10:04:29.001Z"
        },
        {
            "target": "MCD_CLIP_UNIV2AAVEETH_A",
            "source": "MCD_END",
            "label": "ward",
            "timestamp": "2024-11-09T10:04:29.001Z"
        },
        {
            "target": "MCD_CLIP_UNIV2DAIUSDT_A",
            "source": "MCD_PAUSE_PROXY",
            "label": "ward",
            "timestamp": "2024-11-09T10:06:26.720Z"
        },
        {
            "target": "MCD_CLIP_UNIV2DAIUSDT_A",
            "source": "MCD_DOG",
            "label": "ward",
            "timestamp": "2024-11-09T10:06:26.720Z"
        },
        {
            "target": "MCD_CLIP_UNIV2DAIUSDT_A",
            "source": "CLIPPER_MOM",
            "label": "ward",
            "timestamp": "2024-11-09T10:06:26.720Z"
        },
        {
            "target": "MCD_CLIP_UNIV2DAIUSDT_A",
            "source": "MCD_ESM",
            "label": "ward",
            "timestamp": "2024-11-09T10:06:26.720Z"
        },
        {
            "target": "MCD_CLIP_UNIV2DAIUSDT_A",
            "source": "MCD_END",
            "label": "ward",
            "timestamp": "2024-11-09T10:06:26.720Z"
        },
        {
            "target": "MCD_CLIP_USDC_A",
            "source": "MCD_PAUSE_PROXY",
            "label": "ward",
            "timestamp": "2024-11-09T10:08:30.008Z"
        },
        {
            "target": "MCD_CLIP_USDC_A",
            "source": "MCD_DOG",
            "label": "ward",
            "timestamp": "2024-11-09T10:08:30.008Z"
        },
        {
            "target": "MCD_CLIP_USDC_A",
            "source": "MCD_ESM",
            "label": "ward",
            "timestamp": "2024-11-09T10:08:30.008Z"
        },
        {
            "target": "MCD_CLIP_USDC_A",
            "source": "MCD_END",
            "label": "ward",
            "timestamp": "2024-11-09T10:08:30.008Z"
        },
        {
            "target": "MCD_CLIP_USDC_A",
            "source": "CLIPPER_MOM",
            "label": "ward",
            "timestamp": "2024-11-09T10:08:30.008Z"
        },
        {
            "target": "MCD_CLIP_USDC_B",
            "source": "MCD_PAUSE_PROXY",
            "label": "ward",
            "timestamp": "2024-11-09T10:10:32.657Z"
        },
        {
            "target": "MCD_CLIP_USDC_B",
            "source": "MCD_DOG",
            "label": "ward",
            "timestamp": "2024-11-09T10:10:32.657Z"
        },
        {
            "target": "MCD_CLIP_USDC_B",
            "source": "MCD_ESM",
            "label": "ward",
            "timestamp": "2024-11-09T10:10:32.657Z"
        },
        {
            "target": "MCD_CLIP_USDC_B",
            "source": "MCD_END",
            "label": "ward",
            "timestamp": "2024-11-09T10:10:32.657Z"
        },
        {
            "target": "MCD_CLIP_TUSD_A",
            "source": "MCD_PAUSE_PROXY",
            "label": "ward",
            "timestamp": "2024-11-09T10:12:30.708Z"
        },
        {
            "target": "MCD_CLIP_TUSD_A",
            "source": "MCD_DOG",
            "label": "ward",
            "timestamp": "2024-11-09T10:12:30.708Z"
        },
        {
            "target": "MCD_CLIP_TUSD_A",
            "source": "MCD_ESM",
            "label": "ward",
            "timestamp": "2024-11-09T10:12:30.708Z"
        },
        {
            "target": "MCD_CLIP_TUSD_A",
            "source": "CLIPPER_MOM",
            "label": "ward",
            "timestamp": "2024-11-09T10:12:30.708Z"
        },
        {
            "target": "MCD_CLIP_TUSD_A",
            "source": "MCD_END",
            "label": "ward",
            "timestamp": "2024-11-09T10:12:30.708Z"
        },
        {
            "target": "MCD_CLIP_USDT_A",
            "source": "MCD_PAUSE_PROXY",
            "label": "ward",
            "timestamp": "2024-11-09T10:14:27.824Z"
        },
        {
            "target": "MCD_CLIP_USDT_A",
            "source": "MCD_DOG",
            "label": "ward",
            "timestamp": "2024-11-09T10:14:27.824Z"
        },
        {
            "target": "MCD_CLIP_USDT_A",
            "source": "CLIPPER_MOM",
            "label": "ward",
            "timestamp": "2024-11-09T10:14:27.824Z"
        },
        {
            "target": "MCD_CLIP_USDT_A",
            "source": "MCD_ESM",
            "label": "ward",
            "timestamp": "2024-11-09T10:14:27.824Z"
        },
        {
            "target": "MCD_CLIP_USDT_A",
            "source": "MCD_END",
            "label": "ward",
            "timestamp": "2024-11-09T10:14:27.824Z"
        },
        {
            "target": "MCD_CLIP_PAXUSD_A",
            "source": "MCD_PAUSE_PROXY",
            "label": "ward",
            "timestamp": "2024-11-09T10:16:34.729Z"
        },
        {
            "target": "MCD_CLIP_PAXUSD_A",
            "source": "MCD_DOG",
            "label": "ward",
            "timestamp": "2024-11-09T10:16:34.729Z"
        },
        {
            "target": "MCD_CLIP_PAXUSD_A",
            "source": "MCD_ESM",
            "label": "ward",
            "timestamp": "2024-11-09T10:16:34.729Z"
        },
        {
            "target": "MCD_CLIP_PAXUSD_A",
            "source": "MCD_END",
            "label": "ward",
            "timestamp": "2024-11-09T10:16:34.729Z"
        },
        {
            "target": "MCD_CLIP_PAXUSD_A",
            "source": "CLIPPER_MOM",
            "label": "ward",
            "timestamp": "2024-11-09T10:16:34.729Z"
        },
        {
            "target": "MCD_CLIP_GUSD_A",
            "source": "MCD_PAUSE_PROXY",
            "label": "ward",
            "timestamp": "2024-11-09T10:18:31.787Z"
        },
        {
            "target": "MCD_CLIP_GUSD_A",
            "source": "MCD_DOG",
            "label": "ward",
            "timestamp": "2024-11-09T10:18:31.787Z"
        },
        {
            "target": "MCD_CLIP_GUSD_A",
            "source": "MCD_ESM",
            "label": "ward",
            "timestamp": "2024-11-09T10:18:31.787Z"
        },
        {
            "target": "MCD_CLIP_GUSD_A",
            "source": "MCD_END",
            "label": "ward",
            "timestamp": "2024-11-09T10:18:31.787Z"
        },
        {
            "target": "MCD_CLIP_GUSD_A",
            "source": "CLIPPER_MOM",
            "label": "ward",
            "timestamp": "2024-11-09T10:18:31.787Z"
        },
        {
            "target": "MCD_CLIP_PSM_USDC_A",
            "source": "MCD_PAUSE_PROXY",
            "label": "ward",
            "timestamp": "2024-11-09T10:20:33.527Z"
        },
        {
            "target": "MCD_CLIP_PSM_USDC_A",
            "source": "MCD_DOG",
            "label": "ward",
            "timestamp": "2024-11-09T10:20:33.527Z"
        },
        {
            "target": "MCD_CLIP_PSM_USDC_A",
            "source": "MCD_ESM",
            "label": "ward",
            "timestamp": "2024-11-09T10:20:33.527Z"
        },
        {
            "target": "MCD_CLIP_PSM_USDC_A",
            "source": "MCD_END",
            "label": "ward",
            "timestamp": "2024-11-09T10:20:33.527Z"
        },
        {
            "target": "MCD_CLIP_UNIV2DAIUSDC_A",
            "source": "MCD_PAUSE_PROXY",
            "label": "ward",
            "timestamp": "2024-11-09T10:22:32.440Z"
        },
        {
            "target": "MCD_CLIP_UNIV2DAIUSDC_A",
            "source": "MCD_DOG",
            "label": "ward",
            "timestamp": "2024-11-09T10:22:32.440Z"
        },
        {
            "target": "MCD_CLIP_UNIV2DAIUSDC_A",
            "source": "MCD_ESM",
            "label": "ward",
            "timestamp": "2024-11-09T10:22:32.440Z"
        },
        {
            "target": "MCD_CLIP_UNIV2DAIUSDC_A",
            "source": "MCD_END",
            "label": "ward",
            "timestamp": "2024-11-09T10:22:32.440Z"
        },
        {
            "target": "MCD_CLIP_PSM_PAX_A",
            "source": "MCD_PAUSE_PROXY",
            "label": "ward",
            "timestamp": "2024-11-09T10:24:34.145Z"
        },
        {
            "target": "MCD_CLIP_PSM_PAX_A",
            "source": "MCD_DOG",
            "label": "ward",
            "timestamp": "2024-11-09T10:24:34.145Z"
        },
        {
            "target": "MCD_CLIP_PSM_PAX_A",
            "source": "MCD_ESM",
            "label": "ward",
            "timestamp": "2024-11-09T10:24:34.145Z"
        },
        {
            "target": "MCD_CLIP_PSM_PAX_A",
            "source": "MCD_END",
            "label": "ward",
            "timestamp": "2024-11-09T10:24:34.145Z"
        },
        {
            "target": "MCD_CLIP_MATIC_A",
            "source": "MCD_PAUSE_PROXY",
            "label": "ward",
            "timestamp": "2024-11-09T10:26:38.561Z"
        },
        {
            "target": "MCD_CLIP_MATIC_A",
            "source": "MCD_DOG",
            "label": "ward",
            "timestamp": "2024-11-09T10:26:38.561Z"
        },
        {
            "target": "MCD_CLIP_MATIC_A",
            "source": "CLIPPER_MOM",
            "label": "ward",
            "timestamp": "2024-11-09T10:26:38.561Z"
        },
        {
            "target": "MCD_CLIP_MATIC_A",
            "source": "MCD_ESM",
            "label": "ward",
            "timestamp": "2024-11-09T10:26:38.561Z"
        },
        {
            "target": "MCD_CLIP_MATIC_A",
            "source": "MCD_END",
            "label": "ward",
            "timestamp": "2024-11-09T10:26:38.561Z"
        },
        {
            "target": "MCD_CLIP_GUNIV3DAIUSDC1_A",
            "source": "MCD_PAUSE_PROXY",
            "label": "ward",
            "timestamp": "2024-11-09T10:28:35.492Z"
        },
        {
            "target": "MCD_CLIP_GUNIV3DAIUSDC1_A",
            "source": "MCD_DOG",
            "label": "ward",
            "timestamp": "2024-11-09T10:28:35.492Z"
        },
        {
            "target": "MCD_CLIP_GUNIV3DAIUSDC1_A",
            "source": "MCD_ESM",
            "label": "ward",
            "timestamp": "2024-11-09T10:28:35.492Z"
        },
        {
            "target": "MCD_CLIP_GUNIV3DAIUSDC1_A",
            "source": "MCD_END",
            "label": "ward",
            "timestamp": "2024-11-09T10:28:35.492Z"
        },
        {
            "target": "MCD_CLIP_WSTETH_A",
            "source": "MCD_PAUSE_PROXY",
            "label": "ward",
            "timestamp": "2024-11-09T10:30:38.181Z"
        },
        {
            "target": "MCD_CLIP_WSTETH_A",
            "source": "MCD_DOG",
            "label": "ward",
            "timestamp": "2024-11-09T10:30:38.181Z"
        },
        {
            "target": "MCD_CLIP_WSTETH_A",
            "source": "CLIPPER_MOM",
            "label": "ward",
            "timestamp": "2024-11-09T10:30:38.181Z"
        },
        {
            "target": "MCD_CLIP_WSTETH_A",
            "source": "MCD_ESM",
            "label": "ward",
            "timestamp": "2024-11-09T10:30:38.181Z"
        },
        {
            "target": "MCD_CLIP_WSTETH_A",
            "source": "MCD_END",
            "label": "ward",
            "timestamp": "2024-11-09T10:30:38.181Z"
        },
        {
            "target": "MCD_CLIP_WBTC_B",
            "source": "MCD_PAUSE_PROXY",
            "label": "ward",
            "timestamp": "2024-11-09T10:32:41.828Z"
        },
        {
            "target": "MCD_CLIP_WBTC_B",
            "source": "MCD_DOG",
            "label": "ward",
            "timestamp": "2024-11-09T10:32:41.828Z"
        },
        {
            "target": "MCD_CLIP_WBTC_B",
            "source": "CLIPPER_MOM",
            "label": "ward",
            "timestamp": "2024-11-09T10:32:41.828Z"
        },
        {
            "target": "MCD_CLIP_WBTC_B",
            "source": "MCD_ESM",
            "label": "ward",
            "timestamp": "2024-11-09T10:32:41.828Z"
        },
        {
            "target": "MCD_CLIP_WBTC_B",
            "source": "MCD_END",
            "label": "ward",
            "timestamp": "2024-11-09T10:32:41.828Z"
        },
        {
            "target": "MCD_CLIP_WBTC_C",
            "source": "MCD_PAUSE_PROXY",
            "label": "ward",
            "timestamp": "2024-11-09T10:34:47.452Z"
        },
        {
            "target": "MCD_CLIP_WBTC_C",
            "source": "MCD_DOG",
            "label": "ward",
            "timestamp": "2024-11-09T10:34:47.452Z"
        },
        {
            "target": "MCD_CLIP_WBTC_C",
            "source": "CLIPPER_MOM",
            "label": "ward",
            "timestamp": "2024-11-09T10:34:47.452Z"
        },
        {
            "target": "MCD_CLIP_WBTC_C",
            "source": "MCD_ESM",
            "label": "ward",
            "timestamp": "2024-11-09T10:34:47.452Z"
        },
        {
            "target": "MCD_CLIP_WBTC_C",
            "source": "MCD_END",
            "label": "ward",
            "timestamp": "2024-11-09T10:34:47.452Z"
        },
        {
            "target": "MCD_CLIP_PSM_GUSD_A",
            "source": "MCD_PAUSE_PROXY",
            "label": "ward",
            "timestamp": "2024-11-09T10:36:47.022Z"
        },
        {
            "target": "MCD_CLIP_PSM_GUSD_A",
            "source": "MCD_DOG",
            "label": "ward",
            "timestamp": "2024-11-09T10:36:47.022Z"
        },
        {
            "target": "MCD_CLIP_PSM_GUSD_A",
            "source": "MCD_ESM",
            "label": "ward",
            "timestamp": "2024-11-09T10:36:47.022Z"
        },
        {
            "target": "MCD_CLIP_PSM_GUSD_A",
            "source": "MCD_END",
            "label": "ward",
            "timestamp": "2024-11-09T10:36:47.022Z"
        },
        {
            "target": "MCD_CLIP_GUNIV3DAIUSDC2_A",
            "source": "MCD_PAUSE_PROXY",
            "label": "ward",
            "timestamp": "2024-11-09T10:38:49.156Z"
        },
        {
            "target": "MCD_CLIP_GUNIV3DAIUSDC2_A",
            "source": "MCD_DOG",
            "label": "ward",
            "timestamp": "2024-11-09T10:38:49.156Z"
        },
        {
            "target": "MCD_CLIP_GUNIV3DAIUSDC2_A",
            "source": "MCD_ESM",
            "label": "ward",
            "timestamp": "2024-11-09T10:38:49.156Z"
        },
        {
            "target": "MCD_CLIP_GUNIV3DAIUSDC2_A",
            "source": "MCD_END",
            "label": "ward",
            "timestamp": "2024-11-09T10:38:49.156Z"
        },
        {
            "target": "MCD_CLIP_CRVV1ETHSTETH_A",
            "source": "MCD_PAUSE_PROXY",
            "label": "ward",
            "timestamp": "2024-11-09T10:40:50.280Z"
        },
        {
            "target": "MCD_CLIP_CRVV1ETHSTETH_A",
            "source": "MCD_DOG",
            "label": "ward",
            "timestamp": "2024-11-09T10:40:50.280Z"
        },
        {
            "target": "MCD_CLIP_CRVV1ETHSTETH_A",
            "source": "MCD_ESM",
            "label": "ward",
            "timestamp": "2024-11-09T10:40:50.280Z"
        },
        {
            "target": "MCD_CLIP_CRVV1ETHSTETH_A",
            "source": "CLIPPER_MOM",
            "label": "ward",
            "timestamp": "2024-11-09T10:40:50.280Z"
        },
        {
            "target": "MCD_CLIP_CRVV1ETHSTETH_A",
            "source": "MCD_END",
            "label": "ward",
            "timestamp": "2024-11-09T10:40:50.280Z"
        },
        {
            "target": "MCD_CLIP_WSTETH_B",
            "source": "MCD_PAUSE_PROXY",
            "label": "ward",
            "timestamp": "2024-11-09T10:42:53.173Z"
        },
        {
            "target": "MCD_CLIP_WSTETH_B",
            "source": "MCD_DOG",
            "label": "ward",
            "timestamp": "2024-11-09T10:42:53.173Z"
        },
        {
            "target": "MCD_CLIP_WSTETH_B",
            "source": "MCD_ESM",
            "label": "ward",
            "timestamp": "2024-11-09T10:42:53.173Z"
        },
        {
            "target": "MCD_CLIP_WSTETH_B",
            "source": "CLIPPER_MOM",
            "label": "ward",
            "timestamp": "2024-11-09T10:42:53.173Z"
        },
        {
            "target": "MCD_CLIP_WSTETH_B",
            "source": "MCD_END",
            "label": "ward",
            "timestamp": "2024-11-09T10:42:53.173Z"
        },
        {
            "target": "MCD_CLIP_RETH_A",
            "source": "MCD_PAUSE_PROXY",
            "label": "ward",
            "timestamp": "2024-11-09T10:44:48.299Z"
        },
        {
            "target": "MCD_CLIP_RETH_A",
            "source": "MCD_DOG",
            "label": "ward",
            "timestamp": "2024-11-09T10:44:48.299Z"
        },
        {
            "target": "MCD_CLIP_RETH_A",
            "source": "MCD_END",
            "label": "ward",
            "timestamp": "2024-11-09T10:44:48.299Z"
        },
        {
            "target": "MCD_CLIP_RETH_A",
            "source": "MCD_ESM",
            "label": "ward",
            "timestamp": "2024-11-09T10:44:48.299Z"
        },
        {
            "target": "MCD_CLIP_RETH_A",
            "source": "CLIPPER_MOM",
            "label": "ward",
            "timestamp": "2024-11-09T10:44:48.299Z"
        },
        {
            "target": "MCD_CLIP_GNO_A",
            "source": "MCD_PAUSE_PROXY",
            "label": "ward",
            "timestamp": "2024-11-09T10:46:41.117Z"
        },
        {
            "target": "MCD_CLIP_GNO_A",
            "source": "MCD_DOG",
            "label": "ward",
            "timestamp": "2024-11-09T10:46:41.117Z"
        },
        {
            "target": "MCD_CLIP_GNO_A",
            "source": "MCD_END",
            "label": "ward",
            "timestamp": "2024-11-09T10:46:41.117Z"
        },
        {
            "target": "MCD_CLIP_GNO_A",
            "source": "MCD_ESM",
            "label": "ward",
            "timestamp": "2024-11-09T10:46:41.117Z"
        },
        {
            "target": "MCD_CLIP_GNO_A",
            "source": "CLIPPER_MOM",
            "label": "ward",
            "timestamp": "2024-11-09T10:46:41.117Z"
        }
    ],
    "nodes": [
        {
            "id": "MCD_PAUSE_PROXY"
        },
        {
            "id": "PIP_BAT"
        },
        {
            "id": "MCD_PAUSE"
        },
        {
            "id": "OSM_MOM"
        },
        {
            "id": "MCD_SPOT"
        },
        {
            "id": "0xeAa474cbFFA87Ae0F1a6f68a3aBA6C77C656F72c"
        },
        {
            "id": "MCD_CLIP_BAT_A"
        },
        {
            "id": "CLIPPER_MOM"
        },
        {
            "id": "MCD_END"
        },
        {
            "id": "0x208266c96F9A4e61856EFe2417eaB3b9EF59B22f"
        },
        {
            "id": "MCD_ADM"
        },
        {
            "id": "0x2d3c90e3a9d216b353f555a73E1C70684D6032ad"
        },
        {
            "id": "0x335E4c29Cf5C87c9ea8b7d9263e41918739D1E46"
        },
        {
            "id": "0x0528A32fda5beDf89Ba9ad67296db83c9452F28C"
        },
        {
            "id": "MCD_DOG"
        },
        {
            "id": "MCD_ESM"
        },
        {
            "id": "MCD_CLIP_LINK_A"
        },
        {
            "id": "MCD_CLIP_YFI_A"
        },
        {
            "id": "MCD_CLIP_ETH_A"
        },
        {
            "id": "MCD_CLIP_ETH_B"
        },
        {
            "id": "MCD_CLIP_ETH_C"
        },
        {
            "id": "MCD_CLIP_WBTC_A"
        },
        {
            "id": "MCD_CLIP_ZRX_A"
        },
        {
            "id": "MCD_CLIP_KNC_A"
        },
        {
            "id": "MCD_CLIP_MANA_A"
        },
        {
            "id": "MCD_CLIP_COMP_A"
        },
        {
            "id": "MCD_CLIP_LRC_A"
        },
        {
            "id": "MCD_CLIP_BAL_A"
        },
        {
            "id": "MCD_CLIP_UNI_A"
        },
        {
            "id": "MCD_CLIP_RENBTC_A"
        },
        {
            "id": "MCD_CLIP_AAVE_A"
        },
        {
            "id": "MCD_CLIP_UNIV2DAIETH_A"
        },
        {
            "id": "MCD_CLIP_UNIV2USDCETH_A"
        },
        {
            "id": "MCD_CLIP_UNIV2ETHUSDT_A"
        },
        {
            "id": "MCD_CLIP_UNIV2WBTCDAI_A"
        },
        {
            "id": "MCD_CLIP_UNIV2WBTCETH_A"
        },
        {
            "id": "MCD_CLIP_UNIV2LINKETH_A"
        },
        {
            "id": "MCD_CLIP_UNIV2UNIETH_A"
        },
        {
            "id": "MCD_CLIP_UNIV2AAVEETH_A"
        },
        {
            "id": "MCD_CLIP_UNIV2DAIUSDT_A"
        },
        {
            "id": "MCD_CLIP_USDC_A"
        },
        {
            "id": "MCD_CLIP_USDC_B"
        },
        {
            "id": "MCD_CLIP_TUSD_A"
        },
        {
            "id": "MCD_CLIP_USDT_A"
        },
        {
            "id": "MCD_CLIP_PAXUSD_A"
        },
        {
            "id": "MCD_CLIP_GUSD_A"
        },
        {
            "id": "MCD_CLIP_PSM_USDC_A"
        },
        {
            "id": "MCD_CLIP_UNIV2DAIUSDC_A"
        },
        {
            "id": "MCD_CLIP_PSM_PAX_A"
        },
        {
            "id": "MCD_CLIP_MATIC_A"
        },
        {
            "id": "MCD_CLIP_GUNIV3DAIUSDC1_A"
        },
        {
            "id": "MCD_CLIP_WSTETH_A"
        },
        {
            "id": "MCD_CLIP_WBTC_B"
        },
        {
            "id": "MCD_CLIP_WBTC_C"
        },
        {
            "id": "MCD_CLIP_PSM_GUSD_A"
        },
        {
            "id": "MCD_CLIP_GUNIV3DAIUSDC2_A"
        },
        {
            "id": "MCD_CLIP_CRVV1ETHSTETH_A"
        },
        {
            "id": "MCD_CLIP_WSTETH_B"
        },
        {
            "id": "MCD_CLIP_RETH_A"
        },
        {
            "id": "MCD_CLIP_GNO_A"
        },
        {
            "id": "PIP_BAT_SRC"
        }
    ]
}