{
    "links": [
        {
            "target": "PIP_GUSD",
            "source": "MCD_PAUSE_PROXY",
            "label": "owner",
            "timestamp": "2024-11-11T10:34:06.164Z"
        },
        {
            "target": "MCD_PAUSE_PROXY",
            "source": "MCD_PAUSE",
            "label": "owner",
            "timestamp": "2024-11-11T10:36:04.880Z"
        },
        {
            "target": "MCD_PAUSE",
            "source": "0x208266c96F9A4e61856EFe2417eaB3b9EF59B22f",
            "label": "owner",
            "timestamp": "2024-11-11T10:37:56.812Z"
        },
        {
            "target": "MCD_PAUSE",
            "source": "MCD_ADM",
            "label": "authority",
            "timestamp": "2024-11-11T10:37:56.812Z"
        },
        {
            "target": "0x208266c96F9A4e61856EFe2417eaB3b9EF59B22f",
            "source": "0x208266c96F9A4e61856EFe2417eaB3b9EF59B22f",
            "label": "externally owned account",
            "timestamp": "2024-11-11T10:39:55.341Z"
        },
        {
            "target": "MCD_ADM",
            "source": "MCD_ADM",
            "label": "authority",
            "timestamp": "2024-11-11T10:41:55.336Z"
        }
    ],
    "nodes": [
        {
            "id": "MCD_PAUSE_PROXY"
        },
        {
            "id": "MCD_PAUSE"
        },
        {
            "id": "0x208266c96F9A4e61856EFe2417eaB3b9EF59B22f"
        },
        {
            "id": "MCD_ADM"
        },
        {
            "id": "PIP_GUSD"
        }
    ]
}