{
    "links": [
        {
            "target": "PIP_USDT",
            "source": "MCD_PAUSE_PROXY",
            "label": "ward",
            "timestamp": "2024-11-10T13:35:46.201Z"
        },
        {
            "target": "PIP_USDT",
            "source": "OSM_MOM",
            "label": "ward",
            "timestamp": "2024-11-10T13:35:46.201Z"
        },
        {
            "target": "PIP_USDT",
            "source": "MCD_SPOT",
            "label": "bud",
            "timestamp": "2024-11-10T13:35:46.201Z"
        },
        {
            "target": "PIP_USDT",
            "source": "MCD_CLIP_USDT_A",
            "label": "bud",
            "timestamp": "2024-11-10T13:35:46.201Z"
        },
        {
            "target": "PIP_USDT",
            "source": "CLIPPER_MOM",
            "label": "bud",
            "timestamp": "2024-11-10T13:35:46.201Z"
        },
        {
            "target": "PIP_USDT",
            "source": "MCD_END",
            "label": "bud",
            "timestamp": "2024-11-10T13:35:46.201Z"
        },
        {
            "target": "MCD_PAUSE_PROXY",
            "source": "MCD_PAUSE",
            "label": "owner",
            "timestamp": "2024-11-10T13:37:50.827Z"
        },
        {
            "target": "OSM_MOM",
            "source": "MCD_PAUSE_PROXY",
            "label": "owner",
            "timestamp": "2024-11-10T13:39:46.736Z"
        },
        {
            "target": "OSM_MOM",
            "source": "MCD_ADM",
            "label": "authority",
            "timestamp": "2024-11-10T13:39:46.736Z"
        },
        {
            "target": "MCD_SPOT",
            "source": "MCD_PAUSE_PROXY",
            "label": "ward",
            "timestamp": "2024-11-10T13:42:06.761Z"
        },
        {
            "target": "MCD_SPOT",
            "source": "0x2d3c90e3a9d216b353f555a73E1C70684D6032ad",
            "label": "ward",
            "timestamp": "2024-11-10T13:42:06.761Z"
        },
        {
            "target": "MCD_SPOT",
            "source": "0x335E4c29Cf5C87c9ea8b7d9263e41918739D1E46",
            "label": "ward",
            "timestamp": "2024-11-10T13:42:06.761Z"
        },
        {
            "target": "MCD_SPOT",
            "source": "MCD_END",
            "label": "ward",
            "timestamp": "2024-11-10T13:42:06.761Z"
        },
        {
            "target": "MCD_CLIP_USDT_A",
            "source": "MCD_PAUSE_PROXY",
            "label": "ward",
            "timestamp": "2024-11-10T13:44:09.740Z"
        },
        {
            "target": "MCD_CLIP_USDT_A",
            "source": "MCD_DOG",
            "label": "ward",
            "timestamp": "2024-11-10T13:44:09.740Z"
        },
        {
            "target": "MCD_CLIP_USDT_A",
            "source": "CLIPPER_MOM",
            "label": "ward",
            "timestamp": "2024-11-10T13:44:09.740Z"
        },
        {
            "target": "MCD_CLIP_USDT_A",
            "source": "MCD_ESM",
            "label": "ward",
            "timestamp": "2024-11-10T13:44:09.740Z"
        },
        {
            "target": "MCD_CLIP_USDT_A",
            "source": "MCD_END",
            "label": "ward",
            "timestamp": "2024-11-10T13:44:09.740Z"
        },
        {
            "target": "CLIPPER_MOM",
            "source": "MCD_PAUSE_PROXY",
            "label": "owner",
            "timestamp": "2024-11-10T13:46:05.014Z"
        },
        {
            "target": "CLIPPER_MOM",
            "source": "MCD_ADM",
            "label": "authority",
            "timestamp": "2024-11-10T13:46:05.014Z"
        },
        {
            "target": "MCD_END",
            "source": "MCD_PAUSE_PROXY",
            "label": "ward",
            "timestamp": "2024-11-10T13:48:10.772Z"
        },
        {
            "target": "MCD_END",
            "source": "MCD_ESM",
            "label": "ward",
            "timestamp": "2024-11-10T13:48:10.772Z"
        },
        {
            "target": "MCD_PAUSE",
            "source": "0x208266c96F9A4e61856EFe2417eaB3b9EF59B22f",
            "label": "owner",
            "timestamp": "2024-11-10T13:50:09.631Z"
        },
        {
            "target": "MCD_PAUSE",
            "source": "MCD_ADM",
            "label": "authority",
            "timestamp": "2024-11-10T13:50:09.631Z"
        },
        {
            "target": "MCD_ADM",
            "source": "MCD_ADM",
            "label": "authority",
            "timestamp": "2024-11-10T13:52:17.735Z"
        },
        {
            "target": "MCD_DOG",
            "source": "MCD_PAUSE_PROXY",
            "label": "ward",
            "timestamp": "2024-11-10T13:58:25.987Z"
        },
        {
            "target": "MCD_DOG",
            "source": "MCD_CLIP_LINK_A",
            "label": "ward",
            "timestamp": "2024-11-10T13:58:25.987Z"
        },
        {
            "target": "MCD_DOG",
            "source": "MCD_CLIP_YFI_A",
            "label": "ward",
            "timestamp": "2024-11-10T13:58:25.987Z"
        },
        {
            "target": "MCD_DOG",
            "source": "MCD_CLIP_ETH_A",
            "label": "ward",
            "timestamp": "2024-11-10T13:58:25.987Z"
        },
        {
            "target": "MCD_DOG",
            "source": "MCD_CLIP_ETH_B",
            "label": "ward",
            "timestamp": "2024-11-10T13:58:25.987Z"
        },
        {
            "target": "MCD_DOG",
            "source": "MCD_CLIP_ETH_C",
            "label": "ward",
            "timestamp": "2024-11-10T13:58:25.987Z"
        },
        {
            "target": "MCD_DOG",
            "source": "MCD_CLIP_WBTC_A",
            "label": "ward",
            "timestamp": "2024-11-10T13:58:25.987Z"
        },
        {
            "target": "MCD_DOG",
            "source": "MCD_CLIP_BAT_A",
            "label": "ward",
            "timestamp": "2024-11-10T13:58:25.987Z"
        },
        {
            "target": "MCD_DOG",
            "source": "MCD_CLIP_ZRX_A",
            "label": "ward",
            "timestamp": "2024-11-10T13:58:25.987Z"
        },
        {
            "target": "MCD_DOG",
            "source": "MCD_CLIP_KNC_A",
            "label": "ward",
            "timestamp": "2024-11-10T13:58:25.987Z"
        },
        {
            "target": "MCD_DOG",
            "source": "MCD_CLIP_MANA_A",
            "label": "ward",
            "timestamp": "2024-11-10T13:58:25.987Z"
        },
        {
            "target": "MCD_DOG",
            "source": "MCD_CLIP_COMP_A",
            "label": "ward",
            "timestamp": "2024-11-10T13:58:25.987Z"
        },
        {
            "target": "MCD_DOG",
            "source": "MCD_CLIP_LRC_A",
            "label": "ward",
            "timestamp": "2024-11-10T13:58:25.987Z"
        },
        {
            "target": "MCD_DOG",
            "source": "MCD_CLIP_BAL_A",
            "label": "ward",
            "timestamp": "2024-11-10T13:58:25.987Z"
        },
        {
            "target": "MCD_DOG",
            "source": "MCD_CLIP_UNI_A",
            "label": "ward",
            "timestamp": "2024-11-10T13:58:25.987Z"
        },
        {
            "target": "MCD_DOG",
            "source": "MCD_CLIP_RENBTC_A",
            "label": "ward",
            "timestamp": "2024-11-10T13:58:25.987Z"
        },
        {
            "target": "MCD_DOG",
            "source": "MCD_CLIP_AAVE_A",
            "label": "ward",
            "timestamp": "2024-11-10T13:58:25.987Z"
        },
        {
            "target": "MCD_DOG",
            "source": "MCD_CLIP_UNIV2DAIETH_A",
            "label": "ward",
            "timestamp": "2024-11-10T13:58:25.987Z"
        },
        {
            "target": "MCD_DOG",
            "source": "MCD_CLIP_UNIV2USDCETH_A",
            "label": "ward",
            "timestamp": "2024-11-10T13:58:25.987Z"
        },
        {
            "target": "MCD_DOG",
            "source": "MCD_CLIP_UNIV2ETHUSDT_A",
            "label": "ward",
            "timestamp": "2024-11-10T13:58:25.987Z"
        },
        {
            "target": "MCD_DOG",
            "source": "MCD_CLIP_UNIV2WBTCDAI_A",
            "label": "ward",
            "timestamp": "2024-11-10T13:58:25.987Z"
        },
        {
            "target": "MCD_DOG",
            "source": "MCD_CLIP_UNIV2WBTCETH_A",
            "label": "ward",
            "timestamp": "2024-11-10T13:58:25.987Z"
        },
        {
            "target": "MCD_DOG",
            "source": "MCD_CLIP_UNIV2LINKETH_A",
            "label": "ward",
            "timestamp": "2024-11-10T13:58:25.987Z"
        },
        {
            "target": "MCD_DOG",
            "source": "MCD_CLIP_UNIV2UNIETH_A",
            "label": "ward",
            "timestamp": "2024-11-10T13:58:25.987Z"
        },
        {
            "target": "MCD_DOG",
            "source": "MCD_CLIP_UNIV2AAVEETH_A",
            "label": "ward",
            "timestamp": "2024-11-10T13:58:25.987Z"
        },
        {
            "target": "MCD_DOG",
            "source": "MCD_CLIP_UNIV2DAIUSDT_A",
            "label": "ward",
            "timestamp": "2024-11-10T13:58:25.987Z"
        },
        {
            "target": "MCD_DOG",
            "source": "MCD_CLIP_USDC_A",
            "label": "ward",
            "timestamp": "2024-11-10T13:58:25.987Z"
        },
        {
            "target": "MCD_DOG",
            "source": "MCD_CLIP_USDC_B",
            "label": "ward",
            "timestamp": "2024-11-10T13:58:25.987Z"
        },
        {
            "target": "MCD_DOG",
            "source": "MCD_CLIP_TUSD_A",
            "label": "ward",
            "timestamp": "2024-11-10T13:58:25.987Z"
        },
        {
            "target": "MCD_DOG",
            "source": "MCD_CLIP_USDT_A",
            "label": "ward",
            "timestamp": "2024-11-10T13:58:25.987Z"
        },
        {
            "target": "MCD_DOG",
            "source": "MCD_CLIP_PAXUSD_A",
            "label": "ward",
            "timestamp": "2024-11-10T13:58:25.987Z"
        },
        {
            "target": "MCD_DOG",
            "source": "MCD_CLIP_GUSD_A",
            "label": "ward",
            "timestamp": "2024-11-10T13:58:25.987Z"
        },
        {
            "target": "MCD_DOG",
            "source": "MCD_CLIP_PSM_USDC_A",
            "label": "ward",
            "timestamp": "2024-11-10T13:58:25.987Z"
        },
        {
            "target": "MCD_DOG",
            "source": "MCD_CLIP_UNIV2DAIUSDC_A",
            "label": "ward",
            "timestamp": "2024-11-10T13:58:25.987Z"
        },
        {
            "target": "MCD_DOG",
            "source": "MCD_CLIP_PSM_PAX_A",
            "label": "ward",
            "timestamp": "2024-11-10T13:58:25.987Z"
        },
        {
            "target": "MCD_DOG",
            "source": "MCD_CLIP_MATIC_A",
            "label": "ward",
            "timestamp": "2024-11-10T13:58:25.987Z"
        },
        {
            "target": "MCD_DOG",
            "source": "MCD_CLIP_GUNIV3DAIUSDC1_A",
            "label": "ward",
            "timestamp": "2024-11-10T13:58:25.987Z"
        },
        {
            "target": "MCD_DOG",
            "source": "MCD_CLIP_WSTETH_A",
            "label": "ward",
            "timestamp": "2024-11-10T13:58:25.987Z"
        },
        {
            "target": "MCD_DOG",
            "source": "MCD_CLIP_WBTC_B",
            "label": "ward",
            "timestamp": "2024-11-10T13:58:25.987Z"
        },
        {
            "target": "MCD_DOG",
            "source": "MCD_CLIP_WBTC_C",
            "label": "ward",
            "timestamp": "2024-11-10T13:58:25.987Z"
        },
        {
            "target": "MCD_DOG",
            "source": "MCD_CLIP_PSM_GUSD_A",
            "label": "ward",
            "timestamp": "2024-11-10T13:58:25.987Z"
        },
        {
            "target": "MCD_DOG",
            "source": "MCD_CLIP_GUNIV3DAIUSDC2_A",
            "label": "ward",
            "timestamp": "2024-11-10T13:58:25.987Z"
        },
        {
            "target": "MCD_DOG",
            "source": "MCD_CLIP_CRVV1ETHSTETH_A",
            "label": "ward",
            "timestamp": "2024-11-10T13:58:25.987Z"
        },
        {
            "target": "MCD_DOG",
            "source": "MCD_CLIP_WSTETH_B",
            "label": "ward",
            "timestamp": "2024-11-10T13:58:25.987Z"
        },
        {
            "target": "MCD_DOG",
            "source": "MCD_END",
            "label": "ward",
            "timestamp": "2024-11-10T13:58:25.987Z"
        },
        {
            "target": "MCD_DOG",
            "source": "MCD_CLIP_RETH_A",
            "label": "ward",
            "timestamp": "2024-11-10T13:58:25.987Z"
        },
        {
            "target": "MCD_DOG",
            "source": "MCD_CLIP_GNO_A",
            "label": "ward",
            "timestamp": "2024-11-10T13:58:25.987Z"
        },
        {
            "target": "MCD_ESM",
            "source": "MCD_PAUSE_PROXY",
            "label": "ward",
            "timestamp": "2024-11-10T14:00:24.638Z"
        },
        {
            "target": "0x208266c96F9A4e61856EFe2417eaB3b9EF59B22f",
            "source": "0x208266c96F9A4e61856EFe2417eaB3b9EF59B22f",
            "label": "externally owned account",
            "timestamp": "2024-11-10T14:02:25.132Z"
        },
        {
            "target": "MCD_CLIP_LINK_A",
            "source": "MCD_PAUSE_PROXY",
            "label": "ward",
            "timestamp": "2024-11-10T14:04:20.835Z"
        },
        {
            "target": "MCD_CLIP_LINK_A",
            "source": "MCD_DOG",
            "label": "ward",
            "timestamp": "2024-11-10T14:04:20.835Z"
        },
        {
            "target": "MCD_CLIP_LINK_A",
            "source": "CLIPPER_MOM",
            "label": "ward",
            "timestamp": "2024-11-10T14:04:20.835Z"
        },
        {
            "target": "MCD_CLIP_LINK_A",
            "source": "MCD_ESM",
            "label": "ward",
            "timestamp": "2024-11-10T14:04:20.835Z"
        },
        {
            "target": "MCD_CLIP_LINK_A",
            "source": "MCD_END",
            "label": "ward",
            "timestamp": "2024-11-10T14:04:20.835Z"
        },
        {
            "target": "MCD_CLIP_YFI_A",
            "source": "MCD_PAUSE_PROXY",
            "label": "ward",
            "timestamp": "2024-11-10T14:06:21.321Z"
        },
        {
            "target": "MCD_CLIP_YFI_A",
            "source": "MCD_DOG",
            "label": "ward",
            "timestamp": "2024-11-10T14:06:21.321Z"
        },
        {
            "target": "MCD_CLIP_YFI_A",
            "source": "CLIPPER_MOM",
            "label": "ward",
            "timestamp": "2024-11-10T14:06:21.321Z"
        },
        {
            "target": "MCD_CLIP_YFI_A",
            "source": "MCD_ESM",
            "label": "ward",
            "timestamp": "2024-11-10T14:06:21.321Z"
        },
        {
            "target": "MCD_CLIP_YFI_A",
            "source": "MCD_END",
            "label": "ward",
            "timestamp": "2024-11-10T14:06:21.321Z"
        },
        {
            "target": "MCD_CLIP_ETH_A",
            "source": "MCD_PAUSE_PROXY",
            "label": "ward",
            "timestamp": "2024-11-10T14:08:25.273Z"
        },
        {
            "target": "MCD_CLIP_ETH_A",
            "source": "MCD_DOG",
            "label": "ward",
            "timestamp": "2024-11-10T14:08:25.273Z"
        },
        {
            "target": "MCD_CLIP_ETH_A",
            "source": "CLIPPER_MOM",
            "label": "ward",
            "timestamp": "2024-11-10T14:08:25.273Z"
        },
        {
            "target": "MCD_CLIP_ETH_A",
            "source": "MCD_ESM",
            "label": "ward",
            "timestamp": "2024-11-10T14:08:25.273Z"
        },
        {
            "target": "MCD_CLIP_ETH_A",
            "source": "MCD_END",
            "label": "ward",
            "timestamp": "2024-11-10T14:08:25.273Z"
        },
        {
            "target": "MCD_CLIP_ETH_B",
            "source": "MCD_PAUSE_PROXY",
            "label": "ward",
            "timestamp": "2024-11-10T14:10:30.304Z"
        },
        {
            "target": "MCD_CLIP_ETH_B",
            "source": "MCD_DOG",
            "label": "ward",
            "timestamp": "2024-11-10T14:10:30.304Z"
        },
        {
            "target": "MCD_CLIP_ETH_B",
            "source": "CLIPPER_MOM",
            "label": "ward",
            "timestamp": "2024-11-10T14:10:30.304Z"
        },
        {
            "target": "MCD_CLIP_ETH_B",
            "source": "MCD_ESM",
            "label": "ward",
            "timestamp": "2024-11-10T14:10:30.304Z"
        },
        {
            "target": "MCD_CLIP_ETH_B",
            "source": "MCD_END",
            "label": "ward",
            "timestamp": "2024-11-10T14:10:30.304Z"
        },
        {
            "target": "MCD_CLIP_ETH_C",
            "source": "MCD_PAUSE_PROXY",
            "label": "ward",
            "timestamp": "2024-11-10T14:12:35.411Z"
        },
        {
            "target": "MCD_CLIP_ETH_C",
            "source": "MCD_DOG",
            "label": "ward",
            "timestamp": "2024-11-10T14:12:35.411Z"
        },
        {
            "target": "MCD_CLIP_ETH_C",
            "source": "CLIPPER_MOM",
            "label": "ward",
            "timestamp": "2024-11-10T14:12:35.411Z"
        },
        {
            "target": "MCD_CLIP_ETH_C",
            "source": "MCD_ESM",
            "label": "ward",
            "timestamp": "2024-11-10T14:12:35.411Z"
        },
        {
            "target": "MCD_CLIP_ETH_C",
            "source": "MCD_END",
            "label": "ward",
            "timestamp": "2024-11-10T14:12:35.411Z"
        },
        {
            "target": "MCD_CLIP_WBTC_A",
            "source": "MCD_PAUSE_PROXY",
            "label": "ward",
            "timestamp": "2024-11-10T14:14:44.232Z"
        },
        {
            "target": "MCD_CLIP_WBTC_A",
            "source": "MCD_DOG",
            "label": "ward",
            "timestamp": "2024-11-10T14:14:44.232Z"
        },
        {
            "target": "MCD_CLIP_WBTC_A",
            "source": "CLIPPER_MOM",
            "label": "ward",
            "timestamp": "2024-11-10T14:14:44.232Z"
        },
        {
            "target": "MCD_CLIP_WBTC_A",
            "source": "MCD_ESM",
            "label": "ward",
            "timestamp": "2024-11-10T14:14:44.232Z"
        },
        {
            "target": "MCD_CLIP_WBTC_A",
            "source": "MCD_END",
            "label": "ward",
            "timestamp": "2024-11-10T14:14:44.232Z"
        },
        {
            "target": "MCD_CLIP_BAT_A",
            "source": "MCD_PAUSE_PROXY",
            "label": "ward",
            "timestamp": "2024-11-10T14:16:42.474Z"
        },
        {
            "target": "MCD_CLIP_BAT_A",
            "source": "MCD_DOG",
            "label": "ward",
            "timestamp": "2024-11-10T14:16:42.474Z"
        },
        {
            "target": "MCD_CLIP_BAT_A",
            "source": "CLIPPER_MOM",
            "label": "ward",
            "timestamp": "2024-11-10T14:16:42.474Z"
        },
        {
            "target": "MCD_CLIP_BAT_A",
            "source": "MCD_ESM",
            "label": "ward",
            "timestamp": "2024-11-10T14:16:42.474Z"
        },
        {
            "target": "MCD_CLIP_BAT_A",
            "source": "MCD_END",
            "label": "ward",
            "timestamp": "2024-11-10T14:16:42.474Z"
        },
        {
            "target": "MCD_CLIP_ZRX_A",
            "source": "MCD_PAUSE_PROXY",
            "label": "ward",
            "timestamp": "2024-11-10T14:18:51.179Z"
        },
        {
            "target": "MCD_CLIP_ZRX_A",
            "source": "MCD_DOG",
            "label": "ward",
            "timestamp": "2024-11-10T14:18:51.179Z"
        },
        {
            "target": "MCD_CLIP_ZRX_A",
            "source": "CLIPPER_MOM",
            "label": "ward",
            "timestamp": "2024-11-10T14:18:51.179Z"
        },
        {
            "target": "MCD_CLIP_ZRX_A",
            "source": "MCD_ESM",
            "label": "ward",
            "timestamp": "2024-11-10T14:18:51.179Z"
        },
        {
            "target": "MCD_CLIP_ZRX_A",
            "source": "MCD_END",
            "label": "ward",
            "timestamp": "2024-11-10T14:18:51.179Z"
        },
        {
            "target": "MCD_CLIP_KNC_A",
            "source": "MCD_PAUSE_PROXY",
            "label": "ward",
            "timestamp": "2024-11-10T14:20:58.778Z"
        },
        {
            "target": "MCD_CLIP_KNC_A",
            "source": "MCD_DOG",
            "label": "ward",
            "timestamp": "2024-11-10T14:20:58.778Z"
        },
        {
            "target": "MCD_CLIP_KNC_A",
            "source": "CLIPPER_MOM",
            "label": "ward",
            "timestamp": "2024-11-10T14:20:58.778Z"
        },
        {
            "target": "MCD_CLIP_KNC_A",
            "source": "MCD_ESM",
            "label": "ward",
            "timestamp": "2024-11-10T14:20:58.778Z"
        },
        {
            "target": "MCD_CLIP_KNC_A",
            "source": "MCD_END",
            "label": "ward",
            "timestamp": "2024-11-10T14:20:58.778Z"
        },
        {
            "target": "MCD_CLIP_MANA_A",
            "source": "MCD_PAUSE_PROXY",
            "label": "ward",
            "timestamp": "2024-11-10T14:23:03.020Z"
        },
        {
            "target": "MCD_CLIP_MANA_A",
            "source": "MCD_DOG",
            "label": "ward",
            "timestamp": "2024-11-10T14:23:03.020Z"
        },
        {
            "target": "MCD_CLIP_MANA_A",
            "source": "CLIPPER_MOM",
            "label": "ward",
            "timestamp": "2024-11-10T14:23:03.020Z"
        },
        {
            "target": "MCD_CLIP_MANA_A",
            "source": "MCD_ESM",
            "label": "ward",
            "timestamp": "2024-11-10T14:23:03.020Z"
        },
        {
            "target": "MCD_CLIP_MANA_A",
            "source": "MCD_END",
            "label": "ward",
            "timestamp": "2024-11-10T14:23:03.020Z"
        },
        {
            "target": "MCD_CLIP_COMP_A",
            "source": "MCD_PAUSE_PROXY",
            "label": "ward",
            "timestamp": "2024-11-10T14:25:12.269Z"
        },
        {
            "target": "MCD_CLIP_COMP_A",
            "source": "MCD_DOG",
            "label": "ward",
            "timestamp": "2024-11-10T14:25:12.269Z"
        },
        {
            "target": "MCD_CLIP_COMP_A",
            "source": "CLIPPER_MOM",
            "label": "ward",
            "timestamp": "2024-11-10T14:25:12.269Z"
        },
        {
            "target": "MCD_CLIP_COMP_A",
            "source": "MCD_ESM",
            "label": "ward",
            "timestamp": "2024-11-10T14:25:12.269Z"
        },
        {
            "target": "MCD_CLIP_COMP_A",
            "source": "MCD_END",
            "label": "ward",
            "timestamp": "2024-11-10T14:25:12.269Z"
        },
        {
            "target": "MCD_CLIP_LRC_A",
            "source": "MCD_PAUSE_PROXY",
            "label": "ward",
            "timestamp": "2024-11-10T14:27:21.903Z"
        },
        {
            "target": "MCD_CLIP_LRC_A",
            "source": "MCD_DOG",
            "label": "ward",
            "timestamp": "2024-11-10T14:27:21.903Z"
        },
        {
            "target": "MCD_CLIP_LRC_A",
            "source": "CLIPPER_MOM",
            "label": "ward",
            "timestamp": "2024-11-10T14:27:21.903Z"
        },
        {
            "target": "MCD_CLIP_LRC_A",
            "source": "MCD_ESM",
            "label": "ward",
            "timestamp": "2024-11-10T14:27:21.903Z"
        },
        {
            "target": "MCD_CLIP_LRC_A",
            "source": "MCD_END",
            "label": "ward",
            "timestamp": "2024-11-10T14:27:21.903Z"
        },
        {
            "target": "MCD_CLIP_BAL_A",
            "source": "MCD_PAUSE_PROXY",
            "label": "ward",
            "timestamp": "2024-11-10T14:29:25.305Z"
        },
        {
            "target": "MCD_CLIP_BAL_A",
            "source": "MCD_DOG",
            "label": "ward",
            "timestamp": "2024-11-10T14:29:25.305Z"
        },
        {
            "target": "MCD_CLIP_BAL_A",
            "source": "CLIPPER_MOM",
            "label": "ward",
            "timestamp": "2024-11-10T14:29:25.305Z"
        },
        {
            "target": "MCD_CLIP_BAL_A",
            "source": "MCD_ESM",
            "label": "ward",
            "timestamp": "2024-11-10T14:29:25.305Z"
        },
        {
            "target": "MCD_CLIP_BAL_A",
            "source": "MCD_END",
            "label": "ward",
            "timestamp": "2024-11-10T14:29:25.305Z"
        },
        {
            "target": "MCD_CLIP_UNI_A",
            "source": "MCD_PAUSE_PROXY",
            "label": "ward",
            "timestamp": "2024-11-10T14:31:27.793Z"
        },
        {
            "target": "MCD_CLIP_UNI_A",
            "source": "MCD_DOG",
            "label": "ward",
            "timestamp": "2024-11-10T14:31:27.793Z"
        },
        {
            "target": "MCD_CLIP_UNI_A",
            "source": "CLIPPER_MOM",
            "label": "ward",
            "timestamp": "2024-11-10T14:31:27.793Z"
        },
        {
            "target": "MCD_CLIP_UNI_A",
            "source": "MCD_ESM",
            "label": "ward",
            "timestamp": "2024-11-10T14:31:27.793Z"
        },
        {
            "target": "MCD_CLIP_UNI_A",
            "source": "MCD_END",
            "label": "ward",
            "timestamp": "2024-11-10T14:31:27.793Z"
        },
        {
            "target": "MCD_CLIP_RENBTC_A",
            "source": "MCD_PAUSE_PROXY",
            "label": "ward",
            "timestamp": "2024-11-10T14:33:30.812Z"
        },
        {
            "target": "MCD_CLIP_RENBTC_A",
            "source": "MCD_DOG",
            "label": "ward",
            "timestamp": "2024-11-10T14:33:30.812Z"
        },
        {
            "target": "MCD_CLIP_RENBTC_A",
            "source": "CLIPPER_MOM",
            "label": "ward",
            "timestamp": "2024-11-10T14:33:30.812Z"
        },
        {
            "target": "MCD_CLIP_RENBTC_A",
            "source": "MCD_ESM",
            "label": "ward",
            "timestamp": "2024-11-10T14:33:30.812Z"
        },
        {
            "target": "MCD_CLIP_RENBTC_A",
            "source": "MCD_END",
            "label": "ward",
            "timestamp": "2024-11-10T14:33:30.812Z"
        },
        {
            "target": "MCD_CLIP_AAVE_A",
            "source": "MCD_PAUSE_PROXY",
            "label": "ward",
            "timestamp": "2024-11-10T14:35:36.452Z"
        },
        {
            "target": "MCD_CLIP_AAVE_A",
            "source": "MCD_DOG",
            "label": "ward",
            "timestamp": "2024-11-10T14:35:36.452Z"
        },
        {
            "target": "MCD_CLIP_AAVE_A",
            "source": "CLIPPER_MOM",
            "label": "ward",
            "timestamp": "2024-11-10T14:35:36.452Z"
        },
        {
            "target": "MCD_CLIP_AAVE_A",
            "source": "MCD_ESM",
            "label": "ward",
            "timestamp": "2024-11-10T14:35:36.452Z"
        },
        {
            "target": "MCD_CLIP_AAVE_A",
            "source": "MCD_END",
            "label": "ward",
            "timestamp": "2024-11-10T14:35:36.452Z"
        },
        {
            "target": "MCD_CLIP_UNIV2DAIETH_A",
            "source": "MCD_PAUSE_PROXY",
            "label": "ward",
            "timestamp": "2024-11-10T14:37:34.571Z"
        },
        {
            "target": "MCD_CLIP_UNIV2DAIETH_A",
            "source": "MCD_DOG",
            "label": "ward",
            "timestamp": "2024-11-10T14:37:34.571Z"
        },
        {
            "target": "MCD_CLIP_UNIV2DAIETH_A",
            "source": "CLIPPER_MOM",
            "label": "ward",
            "timestamp": "2024-11-10T14:37:34.571Z"
        },
        {
            "target": "MCD_CLIP_UNIV2DAIETH_A",
            "source": "MCD_ESM",
            "label": "ward",
            "timestamp": "2024-11-10T14:37:34.571Z"
        },
        {
            "target": "MCD_CLIP_UNIV2DAIETH_A",
            "source": "MCD_END",
            "label": "ward",
            "timestamp": "2024-11-10T14:37:34.571Z"
        },
        {
            "target": "MCD_CLIP_UNIV2USDCETH_A",
            "source": "MCD_PAUSE_PROXY",
            "label": "ward",
            "timestamp": "2024-11-10T14:39:41.160Z"
        },
        {
            "target": "MCD_CLIP_UNIV2USDCETH_A",
            "source": "MCD_DOG",
            "label": "ward",
            "timestamp": "2024-11-10T14:39:41.160Z"
        },
        {
            "target": "MCD_CLIP_UNIV2USDCETH_A",
            "source": "CLIPPER_MOM",
            "label": "ward",
            "timestamp": "2024-11-10T14:39:41.160Z"
        },
        {
            "target": "MCD_CLIP_UNIV2USDCETH_A",
            "source": "MCD_ESM",
            "label": "ward",
            "timestamp": "2024-11-10T14:39:41.160Z"
        },
        {
            "target": "MCD_CLIP_UNIV2USDCETH_A",
            "source": "MCD_END",
            "label": "ward",
            "timestamp": "2024-11-10T14:39:41.160Z"
        },
        {
            "target": "MCD_CLIP_UNIV2ETHUSDT_A",
            "source": "MCD_PAUSE_PROXY",
            "label": "ward",
            "timestamp": "2024-11-10T14:41:40.293Z"
        },
        {
            "target": "MCD_CLIP_UNIV2ETHUSDT_A",
            "source": "MCD_DOG",
            "label": "ward",
            "timestamp": "2024-11-10T14:41:40.293Z"
        },
        {
            "target": "MCD_CLIP_UNIV2ETHUSDT_A",
            "source": "CLIPPER_MOM",
            "label": "ward",
            "timestamp": "2024-11-10T14:41:40.293Z"
        },
        {
            "target": "MCD_CLIP_UNIV2ETHUSDT_A",
            "source": "MCD_ESM",
            "label": "ward",
            "timestamp": "2024-11-10T14:41:40.293Z"
        },
        {
            "target": "MCD_CLIP_UNIV2ETHUSDT_A",
            "source": "MCD_END",
            "label": "ward",
            "timestamp": "2024-11-10T14:41:40.293Z"
        },
        {
            "target": "MCD_CLIP_UNIV2WBTCDAI_A",
            "source": "MCD_PAUSE_PROXY",
            "label": "ward",
            "timestamp": "2024-11-10T14:43:42.721Z"
        },
        {
            "target": "MCD_CLIP_UNIV2WBTCDAI_A",
            "source": "MCD_DOG",
            "label": "ward",
            "timestamp": "2024-11-10T14:43:42.721Z"
        },
        {
            "target": "MCD_CLIP_UNIV2WBTCDAI_A",
            "source": "CLIPPER_MOM",
            "label": "ward",
            "timestamp": "2024-11-10T14:43:42.721Z"
        },
        {
            "target": "MCD_CLIP_UNIV2WBTCDAI_A",
            "source": "MCD_ESM",
            "label": "ward",
            "timestamp": "2024-11-10T14:43:42.721Z"
        },
        {
            "target": "MCD_CLIP_UNIV2WBTCDAI_A",
            "source": "MCD_END",
            "label": "ward",
            "timestamp": "2024-11-10T14:43:42.721Z"
        },
        {
            "target": "MCD_CLIP_UNIV2WBTCETH_A",
            "source": "MCD_PAUSE_PROXY",
            "label": "ward",
            "timestamp": "2024-11-10T14:45:44.009Z"
        },
        {
            "target": "MCD_CLIP_UNIV2WBTCETH_A",
            "source": "MCD_DOG",
            "label": "ward",
            "timestamp": "2024-11-10T14:45:44.009Z"
        },
        {
            "target": "MCD_CLIP_UNIV2WBTCETH_A",
            "source": "CLIPPER_MOM",
            "label": "ward",
            "timestamp": "2024-11-10T14:45:44.009Z"
        },
        {
            "target": "MCD_CLIP_UNIV2WBTCETH_A",
            "source": "MCD_ESM",
            "label": "ward",
            "timestamp": "2024-11-10T14:45:44.009Z"
        },
        {
            "target": "MCD_CLIP_UNIV2WBTCETH_A",
            "source": "MCD_END",
            "label": "ward",
            "timestamp": "2024-11-10T14:45:44.009Z"
        },
        {
            "target": "MCD_CLIP_UNIV2LINKETH_A",
            "source": "MCD_PAUSE_PROXY",
            "label": "ward",
            "timestamp": "2024-11-10T14:47:46.227Z"
        },
        {
            "target": "MCD_CLIP_UNIV2LINKETH_A",
            "source": "MCD_DOG",
            "label": "ward",
            "timestamp": "2024-11-10T14:47:46.227Z"
        },
        {
            "target": "MCD_CLIP_UNIV2LINKETH_A",
            "source": "CLIPPER_MOM",
            "label": "ward",
            "timestamp": "2024-11-10T14:47:46.227Z"
        },
        {
            "target": "MCD_CLIP_UNIV2LINKETH_A",
            "source": "MCD_ESM",
            "label": "ward",
            "timestamp": "2024-11-10T14:47:46.227Z"
        },
        {
            "target": "MCD_CLIP_UNIV2LINKETH_A",
            "source": "MCD_END",
            "label": "ward",
            "timestamp": "2024-11-10T14:47:46.227Z"
        },
        {
            "target": "MCD_CLIP_UNIV2UNIETH_A",
            "source": "MCD_PAUSE_PROXY",
            "label": "ward",
            "timestamp": "2024-11-10T14:49:51.333Z"
        },
        {
            "target": "MCD_CLIP_UNIV2UNIETH_A",
            "source": "MCD_DOG",
            "label": "ward",
            "timestamp": "2024-11-10T14:49:51.333Z"
        },
        {
            "target": "MCD_CLIP_UNIV2UNIETH_A",
            "source": "CLIPPER_MOM",
            "label": "ward",
            "timestamp": "2024-11-10T14:49:51.333Z"
        },
        {
            "target": "MCD_CLIP_UNIV2UNIETH_A",
            "source": "MCD_ESM",
            "label": "ward",
            "timestamp": "2024-11-10T14:49:51.333Z"
        },
        {
            "target": "MCD_CLIP_UNIV2UNIETH_A",
            "source": "MCD_END",
            "label": "ward",
            "timestamp": "2024-11-10T14:49:51.333Z"
        },
        {
            "target": "MCD_CLIP_UNIV2AAVEETH_A",
            "source": "MCD_PAUSE_PROXY",
            "label": "ward",
            "timestamp": "2024-11-10T14:52:00.927Z"
        },
        {
            "target": "MCD_CLIP_UNIV2AAVEETH_A",
            "source": "MCD_DOG",
            "label": "ward",
            "timestamp": "2024-11-10T14:52:00.927Z"
        },
        {
            "target": "MCD_CLIP_UNIV2AAVEETH_A",
            "source": "CLIPPER_MOM",
            "label": "ward",
            "timestamp": "2024-11-10T14:52:00.927Z"
        },
        {
            "target": "MCD_CLIP_UNIV2AAVEETH_A",
            "source": "MCD_ESM",
            "label": "ward",
            "timestamp": "2024-11-10T14:52:00.927Z"
        },
        {
            "target": "MCD_CLIP_UNIV2AAVEETH_A",
            "source": "MCD_END",
            "label": "ward",
            "timestamp": "2024-11-10T14:52:00.927Z"
        },
        {
            "target": "MCD_CLIP_UNIV2DAIUSDT_A",
            "source": "MCD_PAUSE_PROXY",
            "label": "ward",
            "timestamp": "2024-11-10T14:54:01.080Z"
        },
        {
            "target": "MCD_CLIP_UNIV2DAIUSDT_A",
            "source": "MCD_DOG",
            "label": "ward",
            "timestamp": "2024-11-10T14:54:01.080Z"
        },
        {
            "target": "MCD_CLIP_UNIV2DAIUSDT_A",
            "source": "CLIPPER_MOM",
            "label": "ward",
            "timestamp": "2024-11-10T14:54:01.080Z"
        },
        {
            "target": "MCD_CLIP_UNIV2DAIUSDT_A",
            "source": "MCD_ESM",
            "label": "ward",
            "timestamp": "2024-11-10T14:54:01.080Z"
        },
        {
            "target": "MCD_CLIP_UNIV2DAIUSDT_A",
            "source": "MCD_END",
            "label": "ward",
            "timestamp": "2024-11-10T14:54:01.080Z"
        },
        {
            "target": "MCD_CLIP_USDC_A",
            "source": "MCD_PAUSE_PROXY",
            "label": "ward",
            "timestamp": "2024-11-10T14:56:05.523Z"
        },
        {
            "target": "MCD_CLIP_USDC_A",
            "source": "MCD_DOG",
            "label": "ward",
            "timestamp": "2024-11-10T14:56:05.523Z"
        },
        {
            "target": "MCD_CLIP_USDC_A",
            "source": "MCD_ESM",
            "label": "ward",
            "timestamp": "2024-11-10T14:56:05.523Z"
        },
        {
            "target": "MCD_CLIP_USDC_A",
            "source": "MCD_END",
            "label": "ward",
            "timestamp": "2024-11-10T14:56:05.523Z"
        },
        {
            "target": "MCD_CLIP_USDC_A",
            "source": "CLIPPER_MOM",
            "label": "ward",
            "timestamp": "2024-11-10T14:56:05.523Z"
        },
        {
            "target": "MCD_CLIP_USDC_B",
            "source": "MCD_PAUSE_PROXY",
            "label": "ward",
            "timestamp": "2024-11-10T14:58:03.903Z"
        },
        {
            "target": "MCD_CLIP_USDC_B",
            "source": "MCD_DOG",
            "label": "ward",
            "timestamp": "2024-11-10T14:58:03.903Z"
        },
        {
            "target": "MCD_CLIP_USDC_B",
            "source": "MCD_ESM",
            "label": "ward",
            "timestamp": "2024-11-10T14:58:03.903Z"
        },
        {
            "target": "MCD_CLIP_USDC_B",
            "source": "MCD_END",
            "label": "ward",
            "timestamp": "2024-11-10T14:58:03.903Z"
        },
        {
            "target": "MCD_CLIP_TUSD_A",
            "source": "MCD_PAUSE_PROXY",
            "label": "ward",
            "timestamp": "2024-11-10T15:00:09.076Z"
        },
        {
            "target": "MCD_CLIP_TUSD_A",
            "source": "MCD_DOG",
            "label": "ward",
            "timestamp": "2024-11-10T15:00:09.076Z"
        },
        {
            "target": "MCD_CLIP_TUSD_A",
            "source": "MCD_ESM",
            "label": "ward",
            "timestamp": "2024-11-10T15:00:09.076Z"
        },
        {
            "target": "MCD_CLIP_TUSD_A",
            "source": "CLIPPER_MOM",
            "label": "ward",
            "timestamp": "2024-11-10T15:00:09.076Z"
        },
        {
            "target": "MCD_CLIP_TUSD_A",
            "source": "MCD_END",
            "label": "ward",
            "timestamp": "2024-11-10T15:00:09.076Z"
        },
        {
            "target": "MCD_CLIP_PAXUSD_A",
            "source": "MCD_PAUSE_PROXY",
            "label": "ward",
            "timestamp": "2024-11-10T15:02:13.407Z"
        },
        {
            "target": "MCD_CLIP_PAXUSD_A",
            "source": "MCD_DOG",
            "label": "ward",
            "timestamp": "2024-11-10T15:02:13.407Z"
        },
        {
            "target": "MCD_CLIP_PAXUSD_A",
            "source": "MCD_ESM",
            "label": "ward",
            "timestamp": "2024-11-10T15:02:13.407Z"
        },
        {
            "target": "MCD_CLIP_PAXUSD_A",
            "source": "MCD_END",
            "label": "ward",
            "timestamp": "2024-11-10T15:02:13.407Z"
        },
        {
            "target": "MCD_CLIP_PAXUSD_A",
            "source": "CLIPPER_MOM",
            "label": "ward",
            "timestamp": "2024-11-10T15:02:13.407Z"
        },
        {
            "target": "MCD_CLIP_GUSD_A",
            "source": "MCD_PAUSE_PROXY",
            "label": "ward",
            "timestamp": "2024-11-10T15:04:13.069Z"
        },
        {
            "target": "MCD_CLIP_GUSD_A",
            "source": "MCD_DOG",
            "label": "ward",
            "timestamp": "2024-11-10T15:04:13.069Z"
        },
        {
            "target": "MCD_CLIP_GUSD_A",
            "source": "MCD_ESM",
            "label": "ward",
            "timestamp": "2024-11-10T15:04:13.069Z"
        },
        {
            "target": "MCD_CLIP_GUSD_A",
            "source": "MCD_END",
            "label": "ward",
            "timestamp": "2024-11-10T15:04:13.069Z"
        },
        {
            "target": "MCD_CLIP_GUSD_A",
            "source": "CLIPPER_MOM",
            "label": "ward",
            "timestamp": "2024-11-10T15:04:13.069Z"
        },
        {
            "target": "MCD_CLIP_PSM_USDC_A",
            "source": "MCD_PAUSE_PROXY",
            "label": "ward",
            "timestamp": "2024-11-10T15:06:11.331Z"
        },
        {
            "target": "MCD_CLIP_PSM_USDC_A",
            "source": "MCD_DOG",
            "label": "ward",
            "timestamp": "2024-11-10T15:06:11.331Z"
        },
        {
            "target": "MCD_CLIP_PSM_USDC_A",
            "source": "MCD_ESM",
            "label": "ward",
            "timestamp": "2024-11-10T15:06:11.331Z"
        },
        {
            "target": "MCD_CLIP_PSM_USDC_A",
            "source": "MCD_END",
            "label": "ward",
            "timestamp": "2024-11-10T15:06:11.331Z"
        },
        {
            "target": "MCD_CLIP_UNIV2DAIUSDC_A",
            "source": "MCD_PAUSE_PROXY",
            "label": "ward",
            "timestamp": "2024-11-10T15:08:09.901Z"
        },
        {
            "target": "MCD_CLIP_UNIV2DAIUSDC_A",
            "source": "MCD_DOG",
            "label": "ward",
            "timestamp": "2024-11-10T15:08:09.901Z"
        },
        {
            "target": "MCD_CLIP_UNIV2DAIUSDC_A",
            "source": "MCD_ESM",
            "label": "ward",
            "timestamp": "2024-11-10T15:08:09.901Z"
        },
        {
            "target": "MCD_CLIP_UNIV2DAIUSDC_A",
            "source": "MCD_END",
            "label": "ward",
            "timestamp": "2024-11-10T15:08:09.901Z"
        },
        {
            "target": "MCD_CLIP_PSM_PAX_A",
            "source": "MCD_PAUSE_PROXY",
            "label": "ward",
            "timestamp": "2024-11-10T15:10:15.917Z"
        },
        {
            "target": "MCD_CLIP_PSM_PAX_A",
            "source": "MCD_DOG",
            "label": "ward",
            "timestamp": "2024-11-10T15:10:15.917Z"
        },
        {
            "target": "MCD_CLIP_PSM_PAX_A",
            "source": "MCD_ESM",
            "label": "ward",
            "timestamp": "2024-11-10T15:10:15.917Z"
        },
        {
            "target": "MCD_CLIP_PSM_PAX_A",
            "source": "MCD_END",
            "label": "ward",
            "timestamp": "2024-11-10T15:10:15.917Z"
        },
        {
            "target": "MCD_CLIP_MATIC_A",
            "source": "MCD_PAUSE_PROXY",
            "label": "ward",
            "timestamp": "2024-11-10T15:12:17.647Z"
        },
        {
            "target": "MCD_CLIP_MATIC_A",
            "source": "MCD_DOG",
            "label": "ward",
            "timestamp": "2024-11-10T15:12:17.647Z"
        },
        {
            "target": "MCD_CLIP_MATIC_A",
            "source": "CLIPPER_MOM",
            "label": "ward",
            "timestamp": "2024-11-10T15:12:17.647Z"
        },
        {
            "target": "MCD_CLIP_MATIC_A",
            "source": "MCD_ESM",
            "label": "ward",
            "timestamp": "2024-11-10T15:12:17.647Z"
        },
        {
            "target": "MCD_CLIP_MATIC_A",
            "source": "MCD_END",
            "label": "ward",
            "timestamp": "2024-11-10T15:12:17.647Z"
        },
        {
            "target": "MCD_CLIP_GUNIV3DAIUSDC1_A",
            "source": "MCD_PAUSE_PROXY",
            "label": "ward",
            "timestamp": "2024-11-10T15:14:21.891Z"
        },
        {
            "target": "MCD_CLIP_GUNIV3DAIUSDC1_A",
            "source": "MCD_DOG",
            "label": "ward",
            "timestamp": "2024-11-10T15:14:21.891Z"
        },
        {
            "target": "MCD_CLIP_GUNIV3DAIUSDC1_A",
            "source": "MCD_ESM",
            "label": "ward",
            "timestamp": "2024-11-10T15:14:21.891Z"
        },
        {
            "target": "MCD_CLIP_GUNIV3DAIUSDC1_A",
            "source": "MCD_END",
            "label": "ward",
            "timestamp": "2024-11-10T15:14:21.891Z"
        },
        {
            "target": "MCD_CLIP_WSTETH_A",
            "source": "MCD_PAUSE_PROXY",
            "label": "ward",
            "timestamp": "2024-11-10T15:16:29.305Z"
        },
        {
            "target": "MCD_CLIP_WSTETH_A",
            "source": "MCD_DOG",
            "label": "ward",
            "timestamp": "2024-11-10T15:16:29.305Z"
        },
        {
            "target": "MCD_CLIP_WSTETH_A",
            "source": "CLIPPER_MOM",
            "label": "ward",
            "timestamp": "2024-11-10T15:16:29.305Z"
        },
        {
            "target": "MCD_CLIP_WSTETH_A",
            "source": "MCD_ESM",
            "label": "ward",
            "timestamp": "2024-11-10T15:16:29.305Z"
        },
        {
            "target": "MCD_CLIP_WSTETH_A",
            "source": "MCD_END",
            "label": "ward",
            "timestamp": "2024-11-10T15:16:29.305Z"
        },
        {
            "target": "MCD_CLIP_WBTC_B",
            "source": "MCD_PAUSE_PROXY",
            "label": "ward",
            "timestamp": "2024-11-10T15:18:34.009Z"
        },
        {
            "target": "MCD_CLIP_WBTC_B",
            "source": "MCD_DOG",
            "label": "ward",
            "timestamp": "2024-11-10T15:18:34.009Z"
        },
        {
            "target": "MCD_CLIP_WBTC_B",
            "source": "CLIPPER_MOM",
            "label": "ward",
            "timestamp": "2024-11-10T15:18:34.009Z"
        },
        {
            "target": "MCD_CLIP_WBTC_B",
            "source": "MCD_ESM",
            "label": "ward",
            "timestamp": "2024-11-10T15:18:34.009Z"
        },
        {
            "target": "MCD_CLIP_WBTC_B",
            "source": "MCD_END",
            "label": "ward",
            "timestamp": "2024-11-10T15:18:34.009Z"
        },
        {
            "target": "MCD_CLIP_WBTC_C",
            "source": "MCD_PAUSE_PROXY",
            "label": "ward",
            "timestamp": "2024-11-10T15:20:39.853Z"
        },
        {
            "target": "MCD_CLIP_WBTC_C",
            "source": "MCD_DOG",
            "label": "ward",
            "timestamp": "2024-11-10T15:20:39.853Z"
        },
        {
            "target": "MCD_CLIP_WBTC_C",
            "source": "CLIPPER_MOM",
            "label": "ward",
            "timestamp": "2024-11-10T15:20:39.853Z"
        },
        {
            "target": "MCD_CLIP_WBTC_C",
            "source": "MCD_ESM",
            "label": "ward",
            "timestamp": "2024-11-10T15:20:39.853Z"
        },
        {
            "target": "MCD_CLIP_WBTC_C",
            "source": "MCD_END",
            "label": "ward",
            "timestamp": "2024-11-10T15:20:39.853Z"
        },
        {
            "target": "MCD_CLIP_PSM_GUSD_A",
            "source": "MCD_PAUSE_PROXY",
            "label": "ward",
            "timestamp": "2024-11-10T15:22:39.451Z"
        },
        {
            "target": "MCD_CLIP_PSM_GUSD_A",
            "source": "MCD_DOG",
            "label": "ward",
            "timestamp": "2024-11-10T15:22:39.451Z"
        },
        {
            "target": "MCD_CLIP_PSM_GUSD_A",
            "source": "MCD_ESM",
            "label": "ward",
            "timestamp": "2024-11-10T15:22:39.451Z"
        },
        {
            "target": "MCD_CLIP_PSM_GUSD_A",
            "source": "MCD_END",
            "label": "ward",
            "timestamp": "2024-11-10T15:22:39.451Z"
        },
        {
            "target": "MCD_CLIP_GUNIV3DAIUSDC2_A",
            "source": "MCD_PAUSE_PROXY",
            "label": "ward",
            "timestamp": "2024-11-10T15:24:45.418Z"
        },
        {
            "target": "MCD_CLIP_GUNIV3DAIUSDC2_A",
            "source": "MCD_DOG",
            "label": "ward",
            "timestamp": "2024-11-10T15:24:45.418Z"
        },
        {
            "target": "MCD_CLIP_GUNIV3DAIUSDC2_A",
            "source": "MCD_ESM",
            "label": "ward",
            "timestamp": "2024-11-10T15:24:45.418Z"
        },
        {
            "target": "MCD_CLIP_GUNIV3DAIUSDC2_A",
            "source": "MCD_END",
            "label": "ward",
            "timestamp": "2024-11-10T15:24:45.418Z"
        },
        {
            "target": "MCD_CLIP_CRVV1ETHSTETH_A",
            "source": "MCD_PAUSE_PROXY",
            "label": "ward",
            "timestamp": "2024-11-10T15:26:44.710Z"
        },
        {
            "target": "MCD_CLIP_CRVV1ETHSTETH_A",
            "source": "MCD_DOG",
            "label": "ward",
            "timestamp": "2024-11-10T15:26:44.710Z"
        },
        {
            "target": "MCD_CLIP_CRVV1ETHSTETH_A",
            "source": "MCD_ESM",
            "label": "ward",
            "timestamp": "2024-11-10T15:26:44.710Z"
        },
        {
            "target": "MCD_CLIP_CRVV1ETHSTETH_A",
            "source": "CLIPPER_MOM",
            "label": "ward",
            "timestamp": "2024-11-10T15:26:44.710Z"
        },
        {
            "target": "MCD_CLIP_CRVV1ETHSTETH_A",
            "source": "MCD_END",
            "label": "ward",
            "timestamp": "2024-11-10T15:26:44.710Z"
        },
        {
            "target": "MCD_CLIP_WSTETH_B",
            "source": "MCD_PAUSE_PROXY",
            "label": "ward",
            "timestamp": "2024-11-10T15:28:49.600Z"
        },
        {
            "target": "MCD_CLIP_WSTETH_B",
            "source": "MCD_DOG",
            "label": "ward",
            "timestamp": "2024-11-10T15:28:49.600Z"
        },
        {
            "target": "MCD_CLIP_WSTETH_B",
            "source": "MCD_ESM",
            "label": "ward",
            "timestamp": "2024-11-10T15:28:49.600Z"
        },
        {
            "target": "MCD_CLIP_WSTETH_B",
            "source": "CLIPPER_MOM",
            "label": "ward",
            "timestamp": "2024-11-10T15:28:49.600Z"
        },
        {
            "target": "MCD_CLIP_WSTETH_B",
            "source": "MCD_END",
            "label": "ward",
            "timestamp": "2024-11-10T15:28:49.600Z"
        },
        {
            "target": "MCD_CLIP_RETH_A",
            "source": "MCD_PAUSE_PROXY",
            "label": "ward",
            "timestamp": "2024-11-10T15:30:46.175Z"
        },
        {
            "target": "MCD_CLIP_RETH_A",
            "source": "MCD_DOG",
            "label": "ward",
            "timestamp": "2024-11-10T15:30:46.175Z"
        },
        {
            "target": "MCD_CLIP_RETH_A",
            "source": "MCD_END",
            "label": "ward",
            "timestamp": "2024-11-10T15:30:46.175Z"
        },
        {
            "target": "MCD_CLIP_RETH_A",
            "source": "MCD_ESM",
            "label": "ward",
            "timestamp": "2024-11-10T15:30:46.175Z"
        },
        {
            "target": "MCD_CLIP_RETH_A",
            "source": "CLIPPER_MOM",
            "label": "ward",
            "timestamp": "2024-11-10T15:30:46.175Z"
        },
        {
            "target": "MCD_CLIP_GNO_A",
            "source": "MCD_PAUSE_PROXY",
            "label": "ward",
            "timestamp": "2024-11-10T15:32:45.757Z"
        },
        {
            "target": "MCD_CLIP_GNO_A",
            "source": "MCD_DOG",
            "label": "ward",
            "timestamp": "2024-11-10T15:32:45.757Z"
        },
        {
            "target": "MCD_CLIP_GNO_A",
            "source": "MCD_END",
            "label": "ward",
            "timestamp": "2024-11-10T15:32:45.757Z"
        },
        {
            "target": "MCD_CLIP_GNO_A",
            "source": "MCD_ESM",
            "label": "ward",
            "timestamp": "2024-11-10T15:32:45.757Z"
        },
        {
            "target": "MCD_CLIP_GNO_A",
            "source": "CLIPPER_MOM",
            "label": "ward",
            "timestamp": "2024-11-10T15:32:45.757Z"
        }
    ],
    "nodes": [
        {
            "id": "MCD_PAUSE_PROXY"
        },
        {
            "id": "OSM_MOM"
        },
        {
            "id": "MCD_SPOT"
        },
        {
            "id": "MCD_CLIP_USDT_A"
        },
        {
            "id": "CLIPPER_MOM"
        },
        {
            "id": "MCD_END"
        },
        {
            "id": "MCD_PAUSE"
        },
        {
            "id": "MCD_ADM"
        },
        {
            "id": "0x2d3c90e3a9d216b353f555a73E1C70684D6032ad"
        },
        {
            "id": "0x335E4c29Cf5C87c9ea8b7d9263e41918739D1E46"
        },
        {
            "id": "MCD_DOG"
        },
        {
            "id": "MCD_ESM"
        },
        {
            "id": "0x208266c96F9A4e61856EFe2417eaB3b9EF59B22f"
        },
        {
            "id": "MCD_CLIP_LINK_A"
        },
        {
            "id": "MCD_CLIP_YFI_A"
        },
        {
            "id": "MCD_CLIP_ETH_A"
        },
        {
            "id": "MCD_CLIP_ETH_B"
        },
        {
            "id": "MCD_CLIP_ETH_C"
        },
        {
            "id": "MCD_CLIP_WBTC_A"
        },
        {
            "id": "MCD_CLIP_BAT_A"
        },
        {
            "id": "MCD_CLIP_ZRX_A"
        },
        {
            "id": "MCD_CLIP_KNC_A"
        },
        {
            "id": "MCD_CLIP_MANA_A"
        },
        {
            "id": "MCD_CLIP_COMP_A"
        },
        {
            "id": "MCD_CLIP_LRC_A"
        },
        {
            "id": "MCD_CLIP_BAL_A"
        },
        {
            "id": "MCD_CLIP_UNI_A"
        },
        {
            "id": "MCD_CLIP_RENBTC_A"
        },
        {
            "id": "MCD_CLIP_AAVE_A"
        },
        {
            "id": "MCD_CLIP_UNIV2DAIETH_A"
        },
        {
            "id": "MCD_CLIP_UNIV2USDCETH_A"
        },
        {
            "id": "MCD_CLIP_UNIV2ETHUSDT_A"
        },
        {
            "id": "MCD_CLIP_UNIV2WBTCDAI_A"
        },
        {
            "id": "MCD_CLIP_UNIV2WBTCETH_A"
        },
        {
            "id": "MCD_CLIP_UNIV2LINKETH_A"
        },
        {
            "id": "MCD_CLIP_UNIV2UNIETH_A"
        },
        {
            "id": "MCD_CLIP_UNIV2AAVEETH_A"
        },
        {
            "id": "MCD_CLIP_UNIV2DAIUSDT_A"
        },
        {
            "id": "MCD_CLIP_USDC_A"
        },
        {
            "id": "MCD_CLIP_USDC_B"
        },
        {
            "id": "MCD_CLIP_TUSD_A"
        },
        {
            "id": "MCD_CLIP_PAXUSD_A"
        },
        {
            "id": "MCD_CLIP_GUSD_A"
        },
        {
            "id": "MCD_CLIP_PSM_USDC_A"
        },
        {
            "id": "MCD_CLIP_UNIV2DAIUSDC_A"
        },
        {
            "id": "MCD_CLIP_PSM_PAX_A"
        },
        {
            "id": "MCD_CLIP_MATIC_A"
        },
        {
            "id": "MCD_CLIP_GUNIV3DAIUSDC1_A"
        },
        {
            "id": "MCD_CLIP_WSTETH_A"
        },
        {
            "id": "MCD_CLIP_WBTC_B"
        },
        {
            "id": "MCD_CLIP_WBTC_C"
        },
        {
            "id": "MCD_CLIP_PSM_GUSD_A"
        },
        {
            "id": "MCD_CLIP_GUNIV3DAIUSDC2_A"
        },
        {
            "id": "MCD_CLIP_CRVV1ETHSTETH_A"
        },
        {
            "id": "MCD_CLIP_WSTETH_B"
        },
        {
            "id": "MCD_CLIP_RETH_A"
        },
        {
            "id": "MCD_CLIP_GNO_A"
        },
        {
            "id": "PIP_USDT"
        }
    ]
}