{
    "links": [
        {
            "target": "PIP_UNIV2AAVEETH_ORB1",
            "source": "MCD_PAUSE_PROXY",
            "label": "ward",
            "timestamp": "2024-11-09T17:25:37.656Z"
        },
        {
            "target": "PIP_UNIV2AAVEETH_ORB1",
            "source": "PIP_ETH",
            "label": "bud",
            "timestamp": "2024-11-09T17:25:37.656Z"
        },
        {
            "target": "PIP_UNIV2AAVEETH_ORB1",
            "source": "0x97C3e595e8f80169266B5534e4d7A1bB58BB45ab",
            "label": "bud",
            "timestamp": "2024-11-09T17:25:37.656Z"
        },
        {
            "target": "PIP_UNIV2AAVEETH_ORB1",
            "source": "0x12Ee7E3369272CeE4e9843F36331561DBF9Ae6b4",
            "label": "bud",
            "timestamp": "2024-11-09T17:25:37.656Z"
        },
        {
            "target": "PIP_UNIV2AAVEETH_ORB1",
            "source": "0x538038E526517680735568f9C5342c6E68bbDA12",
            "label": "bud",
            "timestamp": "2024-11-09T17:25:37.656Z"
        },
        {
            "target": "PIP_UNIV2AAVEETH_ORB1",
            "source": "0x2325aa20DEAa9770a978f1dc7C073589ffC79DC3",
            "label": "bud",
            "timestamp": "2024-11-09T17:25:37.656Z"
        },
        {
            "target": "PIP_UNIV2AAVEETH_ORB1",
            "source": "PIP_UNIV2DAIETH",
            "label": "bud",
            "timestamp": "2024-11-09T17:25:37.656Z"
        },
        {
            "target": "PIP_UNIV2AAVEETH_ORB1",
            "source": "PIP_UNIV2WBTCETH",
            "label": "bud",
            "timestamp": "2024-11-09T17:25:37.656Z"
        },
        {
            "target": "PIP_UNIV2AAVEETH_ORB1",
            "source": "PIP_UNIV2USDCETH",
            "label": "bud",
            "timestamp": "2024-11-09T17:25:37.656Z"
        },
        {
            "target": "PIP_UNIV2AAVEETH_ORB1",
            "source": "PIP_UNIV2ETHUSDT",
            "label": "bud",
            "timestamp": "2024-11-09T17:25:37.656Z"
        },
        {
            "target": "PIP_UNIV2AAVEETH_ORB1",
            "source": "PIP_UNIV2LINKETH",
            "label": "bud",
            "timestamp": "2024-11-09T17:25:37.656Z"
        },
        {
            "target": "PIP_UNIV2AAVEETH_ORB1",
            "source": "PIP_UNIV2UNIETH",
            "label": "bud",
            "timestamp": "2024-11-09T17:25:37.656Z"
        },
        {
            "target": "PIP_UNIV2AAVEETH_ORB1",
            "source": "PIP_UNIV2AAVEETH",
            "label": "bud",
            "timestamp": "2024-11-09T17:25:37.656Z"
        },
        {
            "target": "PIP_UNIV2AAVEETH_ORB1",
            "source": "PIP_CRVV1ETHSTETH",
            "label": "bud",
            "timestamp": "2024-11-09T17:25:37.656Z"
        },
        {
            "target": "MCD_PAUSE_PROXY",
            "source": "MCD_PAUSE",
            "label": "owner",
            "timestamp": "2024-11-09T17:31:16.421Z"
        },
        {
            "target": "PIP_ETH",
            "source": "MCD_PAUSE_PROXY",
            "label": "ward",
            "timestamp": "2024-11-09T17:33:33.474Z"
        },
        {
            "target": "PIP_ETH",
            "source": "OSM_MOM",
            "label": "ward",
            "timestamp": "2024-11-09T17:33:33.474Z"
        },
        {
            "target": "PIP_ETH",
            "source": "MCD_SPOT",
            "label": "bud",
            "timestamp": "2024-11-09T17:33:33.474Z"
        },
        {
            "target": "PIP_ETH",
            "source": "0xeAa474cbFFA87Ae0F1a6f68a3aBA6C77C656F72c",
            "label": "bud",
            "timestamp": "2024-11-09T17:33:33.474Z"
        },
        {
            "target": "PIP_ETH",
            "source": "0xCF63089A8aD2a9D8BD6Bb8022f3190EB7e1eD0f1",
            "label": "bud",
            "timestamp": "2024-11-09T17:33:33.474Z"
        },
        {
            "target": "PIP_ETH",
            "source": "0x2325aa20DEAa9770a978f1dc7C073589ffC79DC3",
            "label": "bud",
            "timestamp": "2024-11-09T17:33:33.474Z"
        },
        {
            "target": "PIP_ETH",
            "source": "0xD5885fbCb9a8a8244746010a3BC6F1C6e0269777",
            "label": "bud",
            "timestamp": "2024-11-09T17:33:33.474Z"
        },
        {
            "target": "PIP_ETH",
            "source": "0xDF3CDd10e646e4155723a3bC5b1191741DD90333",
            "label": "bud",
            "timestamp": "2024-11-09T17:33:33.474Z"
        },
        {
            "target": "PIP_ETH",
            "source": "MCD_CLIP_ETH_A",
            "label": "bud",
            "timestamp": "2024-11-09T17:33:33.474Z"
        },
        {
            "target": "PIP_ETH",
            "source": "CLIPPER_MOM",
            "label": "bud",
            "timestamp": "2024-11-09T17:33:33.474Z"
        },
        {
            "target": "PIP_ETH",
            "source": "MCD_CLIP_ETH_B",
            "label": "bud",
            "timestamp": "2024-11-09T17:33:33.474Z"
        },
        {
            "target": "PIP_ETH",
            "source": "MCD_CLIP_ETH_C",
            "label": "bud",
            "timestamp": "2024-11-09T17:33:33.474Z"
        },
        {
            "target": "PIP_ETH",
            "source": "0x55Dc2Be8020bCa72E58e665dC931E03B749ea5E0",
            "label": "bud",
            "timestamp": "2024-11-09T17:33:33.474Z"
        },
        {
            "target": "PIP_ETH",
            "source": "MCD_END",
            "label": "bud",
            "timestamp": "2024-11-09T17:33:33.474Z"
        },
        {
            "target": "0x97C3e595e8f80169266B5534e4d7A1bB58BB45ab",
            "source": "0x9b52465793cBce01DEbd9b3c2B029dc69d19D255",
            "label": "owner",
            "timestamp": "2024-11-09T17:35:32.896Z"
        },
        {
            "target": "0x12Ee7E3369272CeE4e9843F36331561DBF9Ae6b4",
            "source": "0xA9E664bB519Dc372C025100eA83255eDC8d9bDE3",
            "label": "owner",
            "timestamp": "2024-11-09T17:37:36.825Z"
        },
        {
            "target": "0x538038E526517680735568f9C5342c6E68bbDA12",
            "source": "0xba2906b18B069b40C6D2CAFd392E76ad479B1B53",
            "label": "owner",
            "timestamp": "2024-11-09T17:39:37.586Z"
        },
        {
            "target": "0x2325aa20DEAa9770a978f1dc7C073589ffC79DC3",
            "source": "0xf7D44D5a28d5AF27a7F9c8fc6eFe0129e554d7c4",
            "label": "owner",
            "timestamp": "2024-11-09T17:41:42.841Z"
        },
        {
            "target": "PIP_UNIV2DAIETH",
            "source": "MCD_PAUSE_PROXY",
            "label": "ward",
            "timestamp": "2024-11-09T17:43:49.561Z"
        },
        {
            "target": "PIP_UNIV2DAIETH",
            "source": "OSM_MOM",
            "label": "ward",
            "timestamp": "2024-11-09T17:43:49.561Z"
        },
        {
            "target": "PIP_UNIV2DAIETH",
            "source": "MCD_SPOT",
            "label": "bud",
            "timestamp": "2024-11-09T17:43:49.561Z"
        },
        {
            "target": "PIP_UNIV2DAIETH",
            "source": "MCD_CLIP_UNIV2DAIETH_A",
            "label": "bud",
            "timestamp": "2024-11-09T17:43:49.561Z"
        },
        {
            "target": "PIP_UNIV2DAIETH",
            "source": "CLIPPER_MOM",
            "label": "bud",
            "timestamp": "2024-11-09T17:43:49.561Z"
        },
        {
            "target": "PIP_UNIV2DAIETH",
            "source": "MCD_END",
            "label": "bud",
            "timestamp": "2024-11-09T17:43:49.561Z"
        },
        {
            "target": "PIP_UNIV2WBTCETH",
            "source": "MCD_PAUSE_PROXY",
            "label": "ward",
            "timestamp": "2024-11-09T17:45:56.490Z"
        },
        {
            "target": "PIP_UNIV2WBTCETH",
            "source": "OSM_MOM",
            "label": "ward",
            "timestamp": "2024-11-09T17:45:56.490Z"
        },
        {
            "target": "PIP_UNIV2WBTCETH",
            "source": "MCD_SPOT",
            "label": "bud",
            "timestamp": "2024-11-09T17:45:56.490Z"
        },
        {
            "target": "PIP_UNIV2WBTCETH",
            "source": "MCD_CLIP_UNIV2WBTCETH_A",
            "label": "bud",
            "timestamp": "2024-11-09T17:45:56.490Z"
        },
        {
            "target": "PIP_UNIV2WBTCETH",
            "source": "CLIPPER_MOM",
            "label": "bud",
            "timestamp": "2024-11-09T17:45:56.490Z"
        },
        {
            "target": "PIP_UNIV2WBTCETH",
            "source": "MCD_END",
            "label": "bud",
            "timestamp": "2024-11-09T17:45:56.490Z"
        },
        {
            "target": "PIP_UNIV2USDCETH",
            "source": "MCD_PAUSE_PROXY",
            "label": "ward",
            "timestamp": "2024-11-09T17:48:08.312Z"
        },
        {
            "target": "PIP_UNIV2USDCETH",
            "source": "OSM_MOM",
            "label": "ward",
            "timestamp": "2024-11-09T17:48:08.312Z"
        },
        {
            "target": "PIP_UNIV2USDCETH",
            "source": "MCD_SPOT",
            "label": "bud",
            "timestamp": "2024-11-09T17:48:08.312Z"
        },
        {
            "target": "PIP_UNIV2USDCETH",
            "source": "MCD_CLIP_UNIV2USDCETH_A",
            "label": "bud",
            "timestamp": "2024-11-09T17:48:08.312Z"
        },
        {
            "target": "PIP_UNIV2USDCETH",
            "source": "CLIPPER_MOM",
            "label": "bud",
            "timestamp": "2024-11-09T17:48:08.312Z"
        },
        {
            "target": "PIP_UNIV2USDCETH",
            "source": "MCD_END",
            "label": "bud",
            "timestamp": "2024-11-09T17:48:08.312Z"
        },
        {
            "target": "PIP_UNIV2ETHUSDT",
            "source": "MCD_PAUSE_PROXY",
            "label": "ward",
            "timestamp": "2024-11-09T17:50:12.839Z"
        },
        {
            "target": "PIP_UNIV2ETHUSDT",
            "source": "OSM_MOM",
            "label": "ward",
            "timestamp": "2024-11-09T17:50:12.839Z"
        },
        {
            "target": "PIP_UNIV2ETHUSDT",
            "source": "MCD_SPOT",
            "label": "bud",
            "timestamp": "2024-11-09T17:50:12.839Z"
        },
        {
            "target": "PIP_UNIV2ETHUSDT",
            "source": "MCD_CLIP_UNIV2ETHUSDT_A",
            "label": "bud",
            "timestamp": "2024-11-09T17:50:12.839Z"
        },
        {
            "target": "PIP_UNIV2ETHUSDT",
            "source": "CLIPPER_MOM",
            "label": "bud",
            "timestamp": "2024-11-09T17:50:12.839Z"
        },
        {
            "target": "PIP_UNIV2ETHUSDT",
            "source": "MCD_END",
            "label": "bud",
            "timestamp": "2024-11-09T17:50:12.839Z"
        },
        {
            "target": "PIP_UNIV2LINKETH",
            "source": "MCD_PAUSE_PROXY",
            "label": "ward",
            "timestamp": "2024-11-09T17:52:19.705Z"
        },
        {
            "target": "PIP_UNIV2LINKETH",
            "source": "OSM_MOM",
            "label": "ward",
            "timestamp": "2024-11-09T17:52:19.705Z"
        },
        {
            "target": "PIP_UNIV2LINKETH",
            "source": "MCD_SPOT",
            "label": "bud",
            "timestamp": "2024-11-09T17:52:19.705Z"
        },
        {
            "target": "PIP_UNIV2LINKETH",
            "source": "MCD_CLIP_UNIV2LINKETH_A",
            "label": "bud",
            "timestamp": "2024-11-09T17:52:19.705Z"
        },
        {
            "target": "PIP_UNIV2LINKETH",
            "source": "CLIPPER_MOM",
            "label": "bud",
            "timestamp": "2024-11-09T17:52:19.705Z"
        },
        {
            "target": "PIP_UNIV2LINKETH",
            "source": "MCD_END",
            "label": "bud",
            "timestamp": "2024-11-09T17:52:19.705Z"
        },
        {
            "target": "PIP_UNIV2UNIETH",
            "source": "MCD_PAUSE_PROXY",
            "label": "ward",
            "timestamp": "2024-11-09T17:54:25.318Z"
        },
        {
            "target": "PIP_UNIV2UNIETH",
            "source": "OSM_MOM",
            "label": "ward",
            "timestamp": "2024-11-09T17:54:25.318Z"
        },
        {
            "target": "PIP_UNIV2UNIETH",
            "source": "MCD_SPOT",
            "label": "bud",
            "timestamp": "2024-11-09T17:54:25.318Z"
        },
        {
            "target": "PIP_UNIV2UNIETH",
            "source": "MCD_CLIP_UNIV2UNIETH_A",
            "label": "bud",
            "timestamp": "2024-11-09T17:54:25.318Z"
        },
        {
            "target": "PIP_UNIV2UNIETH",
            "source": "CLIPPER_MOM",
            "label": "bud",
            "timestamp": "2024-11-09T17:54:25.318Z"
        },
        {
            "target": "PIP_UNIV2UNIETH",
            "source": "MCD_END",
            "label": "bud",
            "timestamp": "2024-11-09T17:54:25.318Z"
        },
        {
            "target": "PIP_UNIV2AAVEETH",
            "source": "MCD_PAUSE_PROXY",
            "label": "ward",
            "timestamp": "2024-11-09T17:56:29.748Z"
        },
        {
            "target": "PIP_UNIV2AAVEETH",
            "source": "OSM_MOM",
            "label": "ward",
            "timestamp": "2024-11-09T17:56:29.748Z"
        },
        {
            "target": "PIP_UNIV2AAVEETH",
            "source": "MCD_SPOT",
            "label": "bud",
            "timestamp": "2024-11-09T17:56:29.748Z"
        },
        {
            "target": "PIP_UNIV2AAVEETH",
            "source": "MCD_CLIP_UNIV2AAVEETH_A",
            "label": "bud",
            "timestamp": "2024-11-09T17:56:29.748Z"
        },
        {
            "target": "PIP_UNIV2AAVEETH",
            "source": "CLIPPER_MOM",
            "label": "bud",
            "timestamp": "2024-11-09T17:56:29.748Z"
        },
        {
            "target": "PIP_UNIV2AAVEETH",
            "source": "MCD_END",
            "label": "bud",
            "timestamp": "2024-11-09T17:56:29.748Z"
        },
        {
            "target": "PIP_CRVV1ETHSTETH",
            "source": "MCD_PAUSE_PROXY",
            "label": "ward",
            "timestamp": "2024-11-09T17:58:42.006Z"
        },
        {
            "target": "PIP_CRVV1ETHSTETH",
            "source": "OSM_MOM",
            "label": "ward",
            "timestamp": "2024-11-09T17:58:42.006Z"
        },
        {
            "target": "PIP_CRVV1ETHSTETH",
            "source": "MCD_SPOT",
            "label": "bud",
            "timestamp": "2024-11-09T17:58:42.006Z"
        },
        {
            "target": "PIP_CRVV1ETHSTETH",
            "source": "MCD_CLIP_CRVV1ETHSTETH_A",
            "label": "bud",
            "timestamp": "2024-11-09T17:58:42.006Z"
        },
        {
            "target": "PIP_CRVV1ETHSTETH",
            "source": "CLIPPER_MOM",
            "label": "bud",
            "timestamp": "2024-11-09T17:58:42.006Z"
        },
        {
            "target": "PIP_CRVV1ETHSTETH",
            "source": "MCD_END",
            "label": "bud",
            "timestamp": "2024-11-09T17:58:42.006Z"
        },
        {
            "target": "MCD_PAUSE",
            "source": "0x208266c96F9A4e61856EFe2417eaB3b9EF59B22f",
            "label": "owner",
            "timestamp": "2024-11-09T18:03:59.631Z"
        },
        {
            "target": "MCD_PAUSE",
            "source": "MCD_ADM",
            "label": "authority",
            "timestamp": "2024-11-09T18:03:59.631Z"
        },
        {
            "target": "OSM_MOM",
            "source": "MCD_PAUSE_PROXY",
            "label": "owner",
            "timestamp": "2024-11-09T18:06:06.060Z"
        },
        {
            "target": "OSM_MOM",
            "source": "MCD_ADM",
            "label": "authority",
            "timestamp": "2024-11-09T18:06:06.060Z"
        },
        {
            "target": "MCD_SPOT",
            "source": "MCD_PAUSE_PROXY",
            "label": "ward",
            "timestamp": "2024-11-09T18:08:19.941Z"
        },
        {
            "target": "MCD_SPOT",
            "source": "0x2d3c90e3a9d216b353f555a73E1C70684D6032ad",
            "label": "ward",
            "timestamp": "2024-11-09T18:08:19.941Z"
        },
        {
            "target": "MCD_SPOT",
            "source": "0x335E4c29Cf5C87c9ea8b7d9263e41918739D1E46",
            "label": "ward",
            "timestamp": "2024-11-09T18:08:19.941Z"
        },
        {
            "target": "MCD_SPOT",
            "source": "MCD_END",
            "label": "ward",
            "timestamp": "2024-11-09T18:08:19.941Z"
        },
        {
            "target": "0xeAa474cbFFA87Ae0F1a6f68a3aBA6C77C656F72c",
            "source": "0x0528A32fda5beDf89Ba9ad67296db83c9452F28C",
            "label": "owner",
            "timestamp": "2024-11-09T18:10:23.473Z"
        },
        {
            "target": "MCD_CLIP_ETH_A",
            "source": "MCD_PAUSE_PROXY",
            "label": "ward",
            "timestamp": "2024-11-09T18:18:32.581Z"
        },
        {
            "target": "MCD_CLIP_ETH_A",
            "source": "MCD_DOG",
            "label": "ward",
            "timestamp": "2024-11-09T18:18:32.581Z"
        },
        {
            "target": "MCD_CLIP_ETH_A",
            "source": "CLIPPER_MOM",
            "label": "ward",
            "timestamp": "2024-11-09T18:18:32.581Z"
        },
        {
            "target": "MCD_CLIP_ETH_A",
            "source": "MCD_ESM",
            "label": "ward",
            "timestamp": "2024-11-09T18:18:32.581Z"
        },
        {
            "target": "MCD_CLIP_ETH_A",
            "source": "MCD_END",
            "label": "ward",
            "timestamp": "2024-11-09T18:18:32.581Z"
        },
        {
            "target": "CLIPPER_MOM",
            "source": "MCD_PAUSE_PROXY",
            "label": "owner",
            "timestamp": "2024-11-09T18:20:31.162Z"
        },
        {
            "target": "CLIPPER_MOM",
            "source": "MCD_ADM",
            "label": "authority",
            "timestamp": "2024-11-09T18:20:31.162Z"
        },
        {
            "target": "MCD_CLIP_ETH_B",
            "source": "MCD_PAUSE_PROXY",
            "label": "ward",
            "timestamp": "2024-11-09T18:22:30.288Z"
        },
        {
            "target": "MCD_CLIP_ETH_B",
            "source": "MCD_DOG",
            "label": "ward",
            "timestamp": "2024-11-09T18:22:30.288Z"
        },
        {
            "target": "MCD_CLIP_ETH_B",
            "source": "CLIPPER_MOM",
            "label": "ward",
            "timestamp": "2024-11-09T18:22:30.288Z"
        },
        {
            "target": "MCD_CLIP_ETH_B",
            "source": "MCD_ESM",
            "label": "ward",
            "timestamp": "2024-11-09T18:22:30.288Z"
        },
        {
            "target": "MCD_CLIP_ETH_B",
            "source": "MCD_END",
            "label": "ward",
            "timestamp": "2024-11-09T18:22:30.288Z"
        },
        {
            "target": "MCD_CLIP_ETH_C",
            "source": "MCD_PAUSE_PROXY",
            "label": "ward",
            "timestamp": "2024-11-09T18:24:34.187Z"
        },
        {
            "target": "MCD_CLIP_ETH_C",
            "source": "MCD_DOG",
            "label": "ward",
            "timestamp": "2024-11-09T18:24:34.187Z"
        },
        {
            "target": "MCD_CLIP_ETH_C",
            "source": "CLIPPER_MOM",
            "label": "ward",
            "timestamp": "2024-11-09T18:24:34.187Z"
        },
        {
            "target": "MCD_CLIP_ETH_C",
            "source": "MCD_ESM",
            "label": "ward",
            "timestamp": "2024-11-09T18:24:34.187Z"
        },
        {
            "target": "MCD_CLIP_ETH_C",
            "source": "MCD_END",
            "label": "ward",
            "timestamp": "2024-11-09T18:24:34.187Z"
        },
        {
            "target": "0x55Dc2Be8020bCa72E58e665dC931E03B749ea5E0",
            "source": "0x12348c699adc022be55602ef389De5D8A3B25e3d",
            "label": "owner",
            "timestamp": "2024-11-09T18:26:34.632Z"
        },
        {
            "target": "MCD_END",
            "source": "MCD_PAUSE_PROXY",
            "label": "ward",
            "timestamp": "2024-11-09T18:28:38.805Z"
        },
        {
            "target": "MCD_END",
            "source": "MCD_ESM",
            "label": "ward",
            "timestamp": "2024-11-09T18:28:38.805Z"
        },
        {
            "target": "0xA9E664bB519Dc372C025100eA83255eDC8d9bDE3",
            "source": "0xA9E664bB519Dc372C025100eA83255eDC8d9bDE3",
            "label": "externally owned account",
            "timestamp": "2024-11-09T18:32:35.352Z"
        },
        {
            "target": "0xf7D44D5a28d5AF27a7F9c8fc6eFe0129e554d7c4",
            "source": "0xf7D44D5a28d5AF27a7F9c8fc6eFe0129e554d7c4",
            "label": "externally owned account",
            "timestamp": "2024-11-09T18:36:38.041Z"
        },
        {
            "target": "MCD_CLIP_UNIV2DAIETH_A",
            "source": "MCD_PAUSE_PROXY",
            "label": "ward",
            "timestamp": "2024-11-09T18:38:37.282Z"
        },
        {
            "target": "MCD_CLIP_UNIV2DAIETH_A",
            "source": "MCD_DOG",
            "label": "ward",
            "timestamp": "2024-11-09T18:38:37.282Z"
        },
        {
            "target": "MCD_CLIP_UNIV2DAIETH_A",
            "source": "CLIPPER_MOM",
            "label": "ward",
            "timestamp": "2024-11-09T18:38:37.282Z"
        },
        {
            "target": "MCD_CLIP_UNIV2DAIETH_A",
            "source": "MCD_ESM",
            "label": "ward",
            "timestamp": "2024-11-09T18:38:37.282Z"
        },
        {
            "target": "MCD_CLIP_UNIV2DAIETH_A",
            "source": "MCD_END",
            "label": "ward",
            "timestamp": "2024-11-09T18:38:37.282Z"
        },
        {
            "target": "MCD_CLIP_UNIV2WBTCETH_A",
            "source": "MCD_PAUSE_PROXY",
            "label": "ward",
            "timestamp": "2024-11-09T18:40:35.468Z"
        },
        {
            "target": "MCD_CLIP_UNIV2WBTCETH_A",
            "source": "MCD_DOG",
            "label": "ward",
            "timestamp": "2024-11-09T18:40:35.468Z"
        },
        {
            "target": "MCD_CLIP_UNIV2WBTCETH_A",
            "source": "CLIPPER_MOM",
            "label": "ward",
            "timestamp": "2024-11-09T18:40:35.468Z"
        },
        {
            "target": "MCD_CLIP_UNIV2WBTCETH_A",
            "source": "MCD_ESM",
            "label": "ward",
            "timestamp": "2024-11-09T18:40:35.468Z"
        },
        {
            "target": "MCD_CLIP_UNIV2WBTCETH_A",
            "source": "MCD_END",
            "label": "ward",
            "timestamp": "2024-11-09T18:40:35.468Z"
        },
        {
            "target": "MCD_CLIP_UNIV2USDCETH_A",
            "source": "MCD_PAUSE_PROXY",
            "label": "ward",
            "timestamp": "2024-11-09T18:42:38.285Z"
        },
        {
            "target": "MCD_CLIP_UNIV2USDCETH_A",
            "source": "MCD_DOG",
            "label": "ward",
            "timestamp": "2024-11-09T18:42:38.285Z"
        },
        {
            "target": "MCD_CLIP_UNIV2USDCETH_A",
            "source": "CLIPPER_MOM",
            "label": "ward",
            "timestamp": "2024-11-09T18:42:38.285Z"
        },
        {
            "target": "MCD_CLIP_UNIV2USDCETH_A",
            "source": "MCD_ESM",
            "label": "ward",
            "timestamp": "2024-11-09T18:42:38.285Z"
        },
        {
            "target": "MCD_CLIP_UNIV2USDCETH_A",
            "source": "MCD_END",
            "label": "ward",
            "timestamp": "2024-11-09T18:42:38.285Z"
        },
        {
            "target": "MCD_CLIP_UNIV2ETHUSDT_A",
            "source": "MCD_PAUSE_PROXY",
            "label": "ward",
            "timestamp": "2024-11-09T18:44:40.431Z"
        },
        {
            "target": "MCD_CLIP_UNIV2ETHUSDT_A",
            "source": "MCD_DOG",
            "label": "ward",
            "timestamp": "2024-11-09T18:44:40.431Z"
        },
        {
            "target": "MCD_CLIP_UNIV2ETHUSDT_A",
            "source": "CLIPPER_MOM",
            "label": "ward",
            "timestamp": "2024-11-09T18:44:40.431Z"
        },
        {
            "target": "MCD_CLIP_UNIV2ETHUSDT_A",
            "source": "MCD_ESM",
            "label": "ward",
            "timestamp": "2024-11-09T18:44:40.431Z"
        },
        {
            "target": "MCD_CLIP_UNIV2ETHUSDT_A",
            "source": "MCD_END",
            "label": "ward",
            "timestamp": "2024-11-09T18:44:40.431Z"
        },
        {
            "target": "MCD_CLIP_UNIV2LINKETH_A",
            "source": "MCD_PAUSE_PROXY",
            "label": "ward",
            "timestamp": "2024-11-09T18:46:47.289Z"
        },
        {
            "target": "MCD_CLIP_UNIV2LINKETH_A",
            "source": "MCD_DOG",
            "label": "ward",
            "timestamp": "2024-11-09T18:46:47.289Z"
        },
        {
            "target": "MCD_CLIP_UNIV2LINKETH_A",
            "source": "CLIPPER_MOM",
            "label": "ward",
            "timestamp": "2024-11-09T18:46:47.289Z"
        },
        {
            "target": "MCD_CLIP_UNIV2LINKETH_A",
            "source": "MCD_ESM",
            "label": "ward",
            "timestamp": "2024-11-09T18:46:47.289Z"
        },
        {
            "target": "MCD_CLIP_UNIV2LINKETH_A",
            "source": "MCD_END",
            "label": "ward",
            "timestamp": "2024-11-09T18:46:47.289Z"
        },
        {
            "target": "MCD_CLIP_UNIV2UNIETH_A",
            "source": "MCD_PAUSE_PROXY",
            "label": "ward",
            "timestamp": "2024-11-09T18:48:50.006Z"
        },
        {
            "target": "MCD_CLIP_UNIV2UNIETH_A",
            "source": "MCD_DOG",
            "label": "ward",
            "timestamp": "2024-11-09T18:48:50.006Z"
        },
        {
            "target": "MCD_CLIP_UNIV2UNIETH_A",
            "source": "CLIPPER_MOM",
            "label": "ward",
            "timestamp": "2024-11-09T18:48:50.006Z"
        },
        {
            "target": "MCD_CLIP_UNIV2UNIETH_A",
            "source": "MCD_ESM",
            "label": "ward",
            "timestamp": "2024-11-09T18:48:50.006Z"
        },
        {
            "target": "MCD_CLIP_UNIV2UNIETH_A",
            "source": "MCD_END",
            "label": "ward",
            "timestamp": "2024-11-09T18:48:50.006Z"
        },
        {
            "target": "MCD_CLIP_UNIV2AAVEETH_A",
            "source": "MCD_PAUSE_PROXY",
            "label": "ward",
            "timestamp": "2024-11-09T18:50:56.257Z"
        },
        {
            "target": "MCD_CLIP_UNIV2AAVEETH_A",
            "source": "MCD_DOG",
            "label": "ward",
            "timestamp": "2024-11-09T18:50:56.257Z"
        },
        {
            "target": "MCD_CLIP_UNIV2AAVEETH_A",
            "source": "CLIPPER_MOM",
            "label": "ward",
            "timestamp": "2024-11-09T18:50:56.257Z"
        },
        {
            "target": "MCD_CLIP_UNIV2AAVEETH_A",
            "source": "MCD_ESM",
            "label": "ward",
            "timestamp": "2024-11-09T18:50:56.257Z"
        },
        {
            "target": "MCD_CLIP_UNIV2AAVEETH_A",
            "source": "MCD_END",
            "label": "ward",
            "timestamp": "2024-11-09T18:50:56.257Z"
        },
        {
            "target": "MCD_CLIP_CRVV1ETHSTETH_A",
            "source": "MCD_PAUSE_PROXY",
            "label": "ward",
            "timestamp": "2024-11-09T18:52:59.214Z"
        },
        {
            "target": "MCD_CLIP_CRVV1ETHSTETH_A",
            "source": "MCD_DOG",
            "label": "ward",
            "timestamp": "2024-11-09T18:52:59.214Z"
        },
        {
            "target": "MCD_CLIP_CRVV1ETHSTETH_A",
            "source": "MCD_ESM",
            "label": "ward",
            "timestamp": "2024-11-09T18:52:59.214Z"
        },
        {
            "target": "MCD_CLIP_CRVV1ETHSTETH_A",
            "source": "CLIPPER_MOM",
            "label": "ward",
            "timestamp": "2024-11-09T18:52:59.214Z"
        },
        {
            "target": "MCD_CLIP_CRVV1ETHSTETH_A",
            "source": "MCD_END",
            "label": "ward",
            "timestamp": "2024-11-09T18:52:59.214Z"
        },
        {
            "target": "0x208266c96F9A4e61856EFe2417eaB3b9EF59B22f",
            "source": "0x208266c96F9A4e61856EFe2417eaB3b9EF59B22f",
            "label": "externally owned account",
            "timestamp": "2024-11-09T18:54:56.409Z"
        },
        {
            "target": "MCD_ADM",
            "source": "MCD_ADM",
            "label": "authority",
            "timestamp": "2024-11-09T18:57:00.141Z"
        },
        {
            "target": "0x0528A32fda5beDf89Ba9ad67296db83c9452F28C",
            "source": "0x0528A32fda5beDf89Ba9ad67296db83c9452F28C",
            "label": "externally owned account",
            "timestamp": "2024-11-09T19:02:50.686Z"
        },
        {
            "target": "MCD_DOG",
            "source": "MCD_PAUSE_PROXY",
            "label": "ward",
            "timestamp": "2024-11-09T19:05:03.738Z"
        },
        {
            "target": "MCD_DOG",
            "source": "MCD_CLIP_LINK_A",
            "label": "ward",
            "timestamp": "2024-11-09T19:05:03.738Z"
        },
        {
            "target": "MCD_DOG",
            "source": "MCD_CLIP_YFI_A",
            "label": "ward",
            "timestamp": "2024-11-09T19:05:03.738Z"
        },
        {
            "target": "MCD_DOG",
            "source": "MCD_CLIP_ETH_A",
            "label": "ward",
            "timestamp": "2024-11-09T19:05:03.738Z"
        },
        {
            "target": "MCD_DOG",
            "source": "MCD_CLIP_ETH_B",
            "label": "ward",
            "timestamp": "2024-11-09T19:05:03.738Z"
        },
        {
            "target": "MCD_DOG",
            "source": "MCD_CLIP_ETH_C",
            "label": "ward",
            "timestamp": "2024-11-09T19:05:03.738Z"
        },
        {
            "target": "MCD_DOG",
            "source": "MCD_CLIP_WBTC_A",
            "label": "ward",
            "timestamp": "2024-11-09T19:05:03.738Z"
        },
        {
            "target": "MCD_DOG",
            "source": "MCD_CLIP_BAT_A",
            "label": "ward",
            "timestamp": "2024-11-09T19:05:03.738Z"
        },
        {
            "target": "MCD_DOG",
            "source": "MCD_CLIP_ZRX_A",
            "label": "ward",
            "timestamp": "2024-11-09T19:05:03.738Z"
        },
        {
            "target": "MCD_DOG",
            "source": "MCD_CLIP_KNC_A",
            "label": "ward",
            "timestamp": "2024-11-09T19:05:03.738Z"
        },
        {
            "target": "MCD_DOG",
            "source": "MCD_CLIP_MANA_A",
            "label": "ward",
            "timestamp": "2024-11-09T19:05:03.738Z"
        },
        {
            "target": "MCD_DOG",
            "source": "MCD_CLIP_COMP_A",
            "label": "ward",
            "timestamp": "2024-11-09T19:05:03.738Z"
        },
        {
            "target": "MCD_DOG",
            "source": "MCD_CLIP_LRC_A",
            "label": "ward",
            "timestamp": "2024-11-09T19:05:03.738Z"
        },
        {
            "target": "MCD_DOG",
            "source": "MCD_CLIP_BAL_A",
            "label": "ward",
            "timestamp": "2024-11-09T19:05:03.738Z"
        },
        {
            "target": "MCD_DOG",
            "source": "MCD_CLIP_UNI_A",
            "label": "ward",
            "timestamp": "2024-11-09T19:05:03.738Z"
        },
        {
            "target": "MCD_DOG",
            "source": "MCD_CLIP_RENBTC_A",
            "label": "ward",
            "timestamp": "2024-11-09T19:05:03.738Z"
        },
        {
            "target": "MCD_DOG",
            "source": "MCD_CLIP_AAVE_A",
            "label": "ward",
            "timestamp": "2024-11-09T19:05:03.738Z"
        },
        {
            "target": "MCD_DOG",
            "source": "MCD_CLIP_UNIV2DAIETH_A",
            "label": "ward",
            "timestamp": "2024-11-09T19:05:03.738Z"
        },
        {
            "target": "MCD_DOG",
            "source": "MCD_CLIP_UNIV2USDCETH_A",
            "label": "ward",
            "timestamp": "2024-11-09T19:05:03.738Z"
        },
        {
            "target": "MCD_DOG",
            "source": "MCD_CLIP_UNIV2ETHUSDT_A",
            "label": "ward",
            "timestamp": "2024-11-09T19:05:03.738Z"
        },
        {
            "target": "MCD_DOG",
            "source": "MCD_CLIP_UNIV2WBTCDAI_A",
            "label": "ward",
            "timestamp": "2024-11-09T19:05:03.738Z"
        },
        {
            "target": "MCD_DOG",
            "source": "MCD_CLIP_UNIV2WBTCETH_A",
            "label": "ward",
            "timestamp": "2024-11-09T19:05:03.738Z"
        },
        {
            "target": "MCD_DOG",
            "source": "MCD_CLIP_UNIV2LINKETH_A",
            "label": "ward",
            "timestamp": "2024-11-09T19:05:03.738Z"
        },
        {
            "target": "MCD_DOG",
            "source": "MCD_CLIP_UNIV2UNIETH_A",
            "label": "ward",
            "timestamp": "2024-11-09T19:05:03.738Z"
        },
        {
            "target": "MCD_DOG",
            "source": "MCD_CLIP_UNIV2AAVEETH_A",
            "label": "ward",
            "timestamp": "2024-11-09T19:05:03.738Z"
        },
        {
            "target": "MCD_DOG",
            "source": "MCD_CLIP_UNIV2DAIUSDT_A",
            "label": "ward",
            "timestamp": "2024-11-09T19:05:03.738Z"
        },
        {
            "target": "MCD_DOG",
            "source": "MCD_CLIP_USDC_A",
            "label": "ward",
            "timestamp": "2024-11-09T19:05:03.738Z"
        },
        {
            "target": "MCD_DOG",
            "source": "MCD_CLIP_USDC_B",
            "label": "ward",
            "timestamp": "2024-11-09T19:05:03.738Z"
        },
        {
            "target": "MCD_DOG",
            "source": "MCD_CLIP_TUSD_A",
            "label": "ward",
            "timestamp": "2024-11-09T19:05:03.738Z"
        },
        {
            "target": "MCD_DOG",
            "source": "MCD_CLIP_USDT_A",
            "label": "ward",
            "timestamp": "2024-11-09T19:05:03.738Z"
        },
        {
            "target": "MCD_DOG",
            "source": "MCD_CLIP_PAXUSD_A",
            "label": "ward",
            "timestamp": "2024-11-09T19:05:03.738Z"
        },
        {
            "target": "MCD_DOG",
            "source": "MCD_CLIP_GUSD_A",
            "label": "ward",
            "timestamp": "2024-11-09T19:05:03.738Z"
        },
        {
            "target": "MCD_DOG",
            "source": "MCD_CLIP_PSM_USDC_A",
            "label": "ward",
            "timestamp": "2024-11-09T19:05:03.738Z"
        },
        {
            "target": "MCD_DOG",
            "source": "MCD_CLIP_UNIV2DAIUSDC_A",
            "label": "ward",
            "timestamp": "2024-11-09T19:05:03.738Z"
        },
        {
            "target": "MCD_DOG",
            "source": "MCD_CLIP_PSM_PAX_A",
            "label": "ward",
            "timestamp": "2024-11-09T19:05:03.738Z"
        },
        {
            "target": "MCD_DOG",
            "source": "MCD_CLIP_MATIC_A",
            "label": "ward",
            "timestamp": "2024-11-09T19:05:03.738Z"
        },
        {
            "target": "MCD_DOG",
            "source": "MCD_CLIP_GUNIV3DAIUSDC1_A",
            "label": "ward",
            "timestamp": "2024-11-09T19:05:03.738Z"
        },
        {
            "target": "MCD_DOG",
            "source": "MCD_CLIP_WSTETH_A",
            "label": "ward",
            "timestamp": "2024-11-09T19:05:03.738Z"
        },
        {
            "target": "MCD_DOG",
            "source": "MCD_CLIP_WBTC_B",
            "label": "ward",
            "timestamp": "2024-11-09T19:05:03.738Z"
        },
        {
            "target": "MCD_DOG",
            "source": "MCD_CLIP_WBTC_C",
            "label": "ward",
            "timestamp": "2024-11-09T19:05:03.738Z"
        },
        {
            "target": "MCD_DOG",
            "source": "MCD_CLIP_PSM_GUSD_A",
            "label": "ward",
            "timestamp": "2024-11-09T19:05:03.738Z"
        },
        {
            "target": "MCD_DOG",
            "source": "MCD_CLIP_GUNIV3DAIUSDC2_A",
            "label": "ward",
            "timestamp": "2024-11-09T19:05:03.738Z"
        },
        {
            "target": "MCD_DOG",
            "source": "MCD_CLIP_CRVV1ETHSTETH_A",
            "label": "ward",
            "timestamp": "2024-11-09T19:05:03.738Z"
        },
        {
            "target": "MCD_DOG",
            "source": "MCD_CLIP_WSTETH_B",
            "label": "ward",
            "timestamp": "2024-11-09T19:05:03.738Z"
        },
        {
            "target": "MCD_DOG",
            "source": "MCD_END",
            "label": "ward",
            "timestamp": "2024-11-09T19:05:03.738Z"
        },
        {
            "target": "MCD_DOG",
            "source": "MCD_CLIP_RETH_A",
            "label": "ward",
            "timestamp": "2024-11-09T19:05:03.738Z"
        },
        {
            "target": "MCD_DOG",
            "source": "MCD_CLIP_GNO_A",
            "label": "ward",
            "timestamp": "2024-11-09T19:05:03.738Z"
        },
        {
            "target": "MCD_ESM",
            "source": "MCD_PAUSE_PROXY",
            "label": "ward",
            "timestamp": "2024-11-09T19:07:03.203Z"
        },
        {
            "target": "0x12348c699adc022be55602ef389De5D8A3B25e3d",
            "source": "0x12348c699adc022be55602ef389De5D8A3B25e3d",
            "label": "externally owned account",
            "timestamp": "2024-11-09T19:09:05.845Z"
        },
        {
            "target": "MCD_CLIP_LINK_A",
            "source": "MCD_PAUSE_PROXY",
            "label": "ward",
            "timestamp": "2024-11-09T19:11:08.463Z"
        },
        {
            "target": "MCD_CLIP_LINK_A",
            "source": "MCD_DOG",
            "label": "ward",
            "timestamp": "2024-11-09T19:11:08.463Z"
        },
        {
            "target": "MCD_CLIP_LINK_A",
            "source": "CLIPPER_MOM",
            "label": "ward",
            "timestamp": "2024-11-09T19:11:08.463Z"
        },
        {
            "target": "MCD_CLIP_LINK_A",
            "source": "MCD_ESM",
            "label": "ward",
            "timestamp": "2024-11-09T19:11:08.463Z"
        },
        {
            "target": "MCD_CLIP_LINK_A",
            "source": "MCD_END",
            "label": "ward",
            "timestamp": "2024-11-09T19:11:08.463Z"
        },
        {
            "target": "MCD_CLIP_YFI_A",
            "source": "MCD_PAUSE_PROXY",
            "label": "ward",
            "timestamp": "2024-11-09T19:13:11.703Z"
        },
        {
            "target": "MCD_CLIP_YFI_A",
            "source": "MCD_DOG",
            "label": "ward",
            "timestamp": "2024-11-09T19:13:11.703Z"
        },
        {
            "target": "MCD_CLIP_YFI_A",
            "source": "CLIPPER_MOM",
            "label": "ward",
            "timestamp": "2024-11-09T19:13:11.703Z"
        },
        {
            "target": "MCD_CLIP_YFI_A",
            "source": "MCD_ESM",
            "label": "ward",
            "timestamp": "2024-11-09T19:13:11.703Z"
        },
        {
            "target": "MCD_CLIP_YFI_A",
            "source": "MCD_END",
            "label": "ward",
            "timestamp": "2024-11-09T19:13:11.703Z"
        },
        {
            "target": "MCD_CLIP_WBTC_A",
            "source": "MCD_PAUSE_PROXY",
            "label": "ward",
            "timestamp": "2024-11-09T19:15:06.689Z"
        },
        {
            "target": "MCD_CLIP_WBTC_A",
            "source": "MCD_DOG",
            "label": "ward",
            "timestamp": "2024-11-09T19:15:06.689Z"
        },
        {
            "target": "MCD_CLIP_WBTC_A",
            "source": "CLIPPER_MOM",
            "label": "ward",
            "timestamp": "2024-11-09T19:15:06.689Z"
        },
        {
            "target": "MCD_CLIP_WBTC_A",
            "source": "MCD_ESM",
            "label": "ward",
            "timestamp": "2024-11-09T19:15:06.689Z"
        },
        {
            "target": "MCD_CLIP_WBTC_A",
            "source": "MCD_END",
            "label": "ward",
            "timestamp": "2024-11-09T19:15:06.689Z"
        },
        {
            "target": "MCD_CLIP_BAT_A",
            "source": "MCD_PAUSE_PROXY",
            "label": "ward",
            "timestamp": "2024-11-09T19:17:04.093Z"
        },
        {
            "target": "MCD_CLIP_BAT_A",
            "source": "MCD_DOG",
            "label": "ward",
            "timestamp": "2024-11-09T19:17:04.093Z"
        },
        {
            "target": "MCD_CLIP_BAT_A",
            "source": "CLIPPER_MOM",
            "label": "ward",
            "timestamp": "2024-11-09T19:17:04.093Z"
        },
        {
            "target": "MCD_CLIP_BAT_A",
            "source": "MCD_ESM",
            "label": "ward",
            "timestamp": "2024-11-09T19:17:04.093Z"
        },
        {
            "target": "MCD_CLIP_BAT_A",
            "source": "MCD_END",
            "label": "ward",
            "timestamp": "2024-11-09T19:17:04.093Z"
        },
        {
            "target": "MCD_CLIP_ZRX_A",
            "source": "MCD_PAUSE_PROXY",
            "label": "ward",
            "timestamp": "2024-11-09T19:19:06.452Z"
        },
        {
            "target": "MCD_CLIP_ZRX_A",
            "source": "MCD_DOG",
            "label": "ward",
            "timestamp": "2024-11-09T19:19:06.452Z"
        },
        {
            "target": "MCD_CLIP_ZRX_A",
            "source": "CLIPPER_MOM",
            "label": "ward",
            "timestamp": "2024-11-09T19:19:06.452Z"
        },
        {
            "target": "MCD_CLIP_ZRX_A",
            "source": "MCD_ESM",
            "label": "ward",
            "timestamp": "2024-11-09T19:19:06.452Z"
        },
        {
            "target": "MCD_CLIP_ZRX_A",
            "source": "MCD_END",
            "label": "ward",
            "timestamp": "2024-11-09T19:19:06.452Z"
        },
        {
            "target": "MCD_CLIP_KNC_A",
            "source": "MCD_PAUSE_PROXY",
            "label": "ward",
            "timestamp": "2024-11-09T19:21:02.879Z"
        },
        {
            "target": "MCD_CLIP_KNC_A",
            "source": "MCD_DOG",
            "label": "ward",
            "timestamp": "2024-11-09T19:21:02.879Z"
        },
        {
            "target": "MCD_CLIP_KNC_A",
            "source": "CLIPPER_MOM",
            "label": "ward",
            "timestamp": "2024-11-09T19:21:02.879Z"
        },
        {
            "target": "MCD_CLIP_KNC_A",
            "source": "MCD_ESM",
            "label": "ward",
            "timestamp": "2024-11-09T19:21:02.879Z"
        },
        {
            "target": "MCD_CLIP_KNC_A",
            "source": "MCD_END",
            "label": "ward",
            "timestamp": "2024-11-09T19:21:02.879Z"
        },
        {
            "target": "MCD_CLIP_MANA_A",
            "source": "MCD_PAUSE_PROXY",
            "label": "ward",
            "timestamp": "2024-11-09T19:23:04.942Z"
        },
        {
            "target": "MCD_CLIP_MANA_A",
            "source": "MCD_DOG",
            "label": "ward",
            "timestamp": "2024-11-09T19:23:04.942Z"
        },
        {
            "target": "MCD_CLIP_MANA_A",
            "source": "CLIPPER_MOM",
            "label": "ward",
            "timestamp": "2024-11-09T19:23:04.942Z"
        },
        {
            "target": "MCD_CLIP_MANA_A",
            "source": "MCD_ESM",
            "label": "ward",
            "timestamp": "2024-11-09T19:23:04.942Z"
        },
        {
            "target": "MCD_CLIP_MANA_A",
            "source": "MCD_END",
            "label": "ward",
            "timestamp": "2024-11-09T19:23:04.942Z"
        },
        {
            "target": "MCD_CLIP_COMP_A",
            "source": "MCD_PAUSE_PROXY",
            "label": "ward",
            "timestamp": "2024-11-09T19:25:08.105Z"
        },
        {
            "target": "MCD_CLIP_COMP_A",
            "source": "MCD_DOG",
            "label": "ward",
            "timestamp": "2024-11-09T19:25:08.105Z"
        },
        {
            "target": "MCD_CLIP_COMP_A",
            "source": "CLIPPER_MOM",
            "label": "ward",
            "timestamp": "2024-11-09T19:25:08.105Z"
        },
        {
            "target": "MCD_CLIP_COMP_A",
            "source": "MCD_ESM",
            "label": "ward",
            "timestamp": "2024-11-09T19:25:08.105Z"
        },
        {
            "target": "MCD_CLIP_COMP_A",
            "source": "MCD_END",
            "label": "ward",
            "timestamp": "2024-11-09T19:25:08.105Z"
        },
        {
            "target": "MCD_CLIP_LRC_A",
            "source": "MCD_PAUSE_PROXY",
            "label": "ward",
            "timestamp": "2024-11-09T19:27:07.112Z"
        },
        {
            "target": "MCD_CLIP_LRC_A",
            "source": "MCD_DOG",
            "label": "ward",
            "timestamp": "2024-11-09T19:27:07.112Z"
        },
        {
            "target": "MCD_CLIP_LRC_A",
            "source": "CLIPPER_MOM",
            "label": "ward",
            "timestamp": "2024-11-09T19:27:07.112Z"
        },
        {
            "target": "MCD_CLIP_LRC_A",
            "source": "MCD_ESM",
            "label": "ward",
            "timestamp": "2024-11-09T19:27:07.112Z"
        },
        {
            "target": "MCD_CLIP_LRC_A",
            "source": "MCD_END",
            "label": "ward",
            "timestamp": "2024-11-09T19:27:07.112Z"
        },
        {
            "target": "MCD_CLIP_BAL_A",
            "source": "MCD_PAUSE_PROXY",
            "label": "ward",
            "timestamp": "2024-11-09T19:29:09.997Z"
        },
        {
            "target": "MCD_CLIP_BAL_A",
            "source": "MCD_DOG",
            "label": "ward",
            "timestamp": "2024-11-09T19:29:09.997Z"
        },
        {
            "target": "MCD_CLIP_BAL_A",
            "source": "CLIPPER_MOM",
            "label": "ward",
            "timestamp": "2024-11-09T19:29:09.997Z"
        },
        {
            "target": "MCD_CLIP_BAL_A",
            "source": "MCD_ESM",
            "label": "ward",
            "timestamp": "2024-11-09T19:29:09.997Z"
        },
        {
            "target": "MCD_CLIP_BAL_A",
            "source": "MCD_END",
            "label": "ward",
            "timestamp": "2024-11-09T19:29:09.997Z"
        },
        {
            "target": "MCD_CLIP_UNI_A",
            "source": "MCD_PAUSE_PROXY",
            "label": "ward",
            "timestamp": "2024-11-09T19:31:14.601Z"
        },
        {
            "target": "MCD_CLIP_UNI_A",
            "source": "MCD_DOG",
            "label": "ward",
            "timestamp": "2024-11-09T19:31:14.601Z"
        },
        {
            "target": "MCD_CLIP_UNI_A",
            "source": "CLIPPER_MOM",
            "label": "ward",
            "timestamp": "2024-11-09T19:31:14.601Z"
        },
        {
            "target": "MCD_CLIP_UNI_A",
            "source": "MCD_ESM",
            "label": "ward",
            "timestamp": "2024-11-09T19:31:14.601Z"
        },
        {
            "target": "MCD_CLIP_UNI_A",
            "source": "MCD_END",
            "label": "ward",
            "timestamp": "2024-11-09T19:31:14.601Z"
        },
        {
            "target": "MCD_CLIP_RENBTC_A",
            "source": "MCD_PAUSE_PROXY",
            "label": "ward",
            "timestamp": "2024-11-09T19:33:17.707Z"
        },
        {
            "target": "MCD_CLIP_RENBTC_A",
            "source": "MCD_DOG",
            "label": "ward",
            "timestamp": "2024-11-09T19:33:17.707Z"
        },
        {
            "target": "MCD_CLIP_RENBTC_A",
            "source": "CLIPPER_MOM",
            "label": "ward",
            "timestamp": "2024-11-09T19:33:17.707Z"
        },
        {
            "target": "MCD_CLIP_RENBTC_A",
            "source": "MCD_ESM",
            "label": "ward",
            "timestamp": "2024-11-09T19:33:17.707Z"
        },
        {
            "target": "MCD_CLIP_RENBTC_A",
            "source": "MCD_END",
            "label": "ward",
            "timestamp": "2024-11-09T19:33:17.707Z"
        },
        {
            "target": "MCD_CLIP_AAVE_A",
            "source": "MCD_PAUSE_PROXY",
            "label": "ward",
            "timestamp": "2024-11-09T19:35:20.235Z"
        },
        {
            "target": "MCD_CLIP_AAVE_A",
            "source": "MCD_DOG",
            "label": "ward",
            "timestamp": "2024-11-09T19:35:20.235Z"
        },
        {
            "target": "MCD_CLIP_AAVE_A",
            "source": "CLIPPER_MOM",
            "label": "ward",
            "timestamp": "2024-11-09T19:35:20.235Z"
        },
        {
            "target": "MCD_CLIP_AAVE_A",
            "source": "MCD_ESM",
            "label": "ward",
            "timestamp": "2024-11-09T19:35:20.235Z"
        },
        {
            "target": "MCD_CLIP_AAVE_A",
            "source": "MCD_END",
            "label": "ward",
            "timestamp": "2024-11-09T19:35:20.235Z"
        },
        {
            "target": "MCD_CLIP_UNIV2WBTCDAI_A",
            "source": "MCD_PAUSE_PROXY",
            "label": "ward",
            "timestamp": "2024-11-09T19:37:21.143Z"
        },
        {
            "target": "MCD_CLIP_UNIV2WBTCDAI_A",
            "source": "MCD_DOG",
            "label": "ward",
            "timestamp": "2024-11-09T19:37:21.143Z"
        },
        {
            "target": "MCD_CLIP_UNIV2WBTCDAI_A",
            "source": "CLIPPER_MOM",
            "label": "ward",
            "timestamp": "2024-11-09T19:37:21.143Z"
        },
        {
            "target": "MCD_CLIP_UNIV2WBTCDAI_A",
            "source": "MCD_ESM",
            "label": "ward",
            "timestamp": "2024-11-09T19:37:21.143Z"
        },
        {
            "target": "MCD_CLIP_UNIV2WBTCDAI_A",
            "source": "MCD_END",
            "label": "ward",
            "timestamp": "2024-11-09T19:37:21.143Z"
        },
        {
            "target": "MCD_CLIP_UNIV2DAIUSDT_A",
            "source": "MCD_PAUSE_PROXY",
            "label": "ward",
            "timestamp": "2024-11-09T19:39:18.146Z"
        },
        {
            "target": "MCD_CLIP_UNIV2DAIUSDT_A",
            "source": "MCD_DOG",
            "label": "ward",
            "timestamp": "2024-11-09T19:39:18.146Z"
        },
        {
            "target": "MCD_CLIP_UNIV2DAIUSDT_A",
            "source": "CLIPPER_MOM",
            "label": "ward",
            "timestamp": "2024-11-09T19:39:18.146Z"
        },
        {
            "target": "MCD_CLIP_UNIV2DAIUSDT_A",
            "source": "MCD_ESM",
            "label": "ward",
            "timestamp": "2024-11-09T19:39:18.146Z"
        },
        {
            "target": "MCD_CLIP_UNIV2DAIUSDT_A",
            "source": "MCD_END",
            "label": "ward",
            "timestamp": "2024-11-09T19:39:18.146Z"
        },
        {
            "target": "MCD_CLIP_USDC_A",
            "source": "MCD_PAUSE_PROXY",
            "label": "ward",
            "timestamp": "2024-11-09T19:41:22.505Z"
        },
        {
            "target": "MCD_CLIP_USDC_A",
            "source": "MCD_DOG",
            "label": "ward",
            "timestamp": "2024-11-09T19:41:22.505Z"
        },
        {
            "target": "MCD_CLIP_USDC_A",
            "source": "MCD_ESM",
            "label": "ward",
            "timestamp": "2024-11-09T19:41:22.505Z"
        },
        {
            "target": "MCD_CLIP_USDC_A",
            "source": "MCD_END",
            "label": "ward",
            "timestamp": "2024-11-09T19:41:22.505Z"
        },
        {
            "target": "MCD_CLIP_USDC_A",
            "source": "CLIPPER_MOM",
            "label": "ward",
            "timestamp": "2024-11-09T19:41:22.505Z"
        },
        {
            "target": "MCD_CLIP_USDC_B",
            "source": "MCD_PAUSE_PROXY",
            "label": "ward",
            "timestamp": "2024-11-09T19:43:22.680Z"
        },
        {
            "target": "MCD_CLIP_USDC_B",
            "source": "MCD_DOG",
            "label": "ward",
            "timestamp": "2024-11-09T19:43:22.680Z"
        },
        {
            "target": "MCD_CLIP_USDC_B",
            "source": "MCD_ESM",
            "label": "ward",
            "timestamp": "2024-11-09T19:43:22.680Z"
        },
        {
            "target": "MCD_CLIP_USDC_B",
            "source": "MCD_END",
            "label": "ward",
            "timestamp": "2024-11-09T19:43:22.680Z"
        },
        {
            "target": "MCD_CLIP_TUSD_A",
            "source": "MCD_PAUSE_PROXY",
            "label": "ward",
            "timestamp": "2024-11-09T19:45:24.543Z"
        },
        {
            "target": "MCD_CLIP_TUSD_A",
            "source": "MCD_DOG",
            "label": "ward",
            "timestamp": "2024-11-09T19:45:24.543Z"
        },
        {
            "target": "MCD_CLIP_TUSD_A",
            "source": "MCD_ESM",
            "label": "ward",
            "timestamp": "2024-11-09T19:45:24.543Z"
        },
        {
            "target": "MCD_CLIP_TUSD_A",
            "source": "CLIPPER_MOM",
            "label": "ward",
            "timestamp": "2024-11-09T19:45:24.543Z"
        },
        {
            "target": "MCD_CLIP_TUSD_A",
            "source": "MCD_END",
            "label": "ward",
            "timestamp": "2024-11-09T19:45:24.543Z"
        },
        {
            "target": "MCD_CLIP_USDT_A",
            "source": "MCD_PAUSE_PROXY",
            "label": "ward",
            "timestamp": "2024-11-09T19:47:28.076Z"
        },
        {
            "target": "MCD_CLIP_USDT_A",
            "source": "MCD_DOG",
            "label": "ward",
            "timestamp": "2024-11-09T19:47:28.076Z"
        },
        {
            "target": "MCD_CLIP_USDT_A",
            "source": "CLIPPER_MOM",
            "label": "ward",
            "timestamp": "2024-11-09T19:47:28.076Z"
        },
        {
            "target": "MCD_CLIP_USDT_A",
            "source": "MCD_ESM",
            "label": "ward",
            "timestamp": "2024-11-09T19:47:28.076Z"
        },
        {
            "target": "MCD_CLIP_USDT_A",
            "source": "MCD_END",
            "label": "ward",
            "timestamp": "2024-11-09T19:47:28.076Z"
        },
        {
            "target": "MCD_CLIP_PAXUSD_A",
            "source": "MCD_PAUSE_PROXY",
            "label": "ward",
            "timestamp": "2024-11-09T19:49:27.970Z"
        },
        {
            "target": "MCD_CLIP_PAXUSD_A",
            "source": "MCD_DOG",
            "label": "ward",
            "timestamp": "2024-11-09T19:49:27.970Z"
        },
        {
            "target": "MCD_CLIP_PAXUSD_A",
            "source": "MCD_ESM",
            "label": "ward",
            "timestamp": "2024-11-09T19:49:27.970Z"
        },
        {
            "target": "MCD_CLIP_PAXUSD_A",
            "source": "MCD_END",
            "label": "ward",
            "timestamp": "2024-11-09T19:49:27.970Z"
        },
        {
            "target": "MCD_CLIP_PAXUSD_A",
            "source": "CLIPPER_MOM",
            "label": "ward",
            "timestamp": "2024-11-09T19:49:27.970Z"
        },
        {
            "target": "MCD_CLIP_GUSD_A",
            "source": "MCD_PAUSE_PROXY",
            "label": "ward",
            "timestamp": "2024-11-09T19:51:26.759Z"
        },
        {
            "target": "MCD_CLIP_GUSD_A",
            "source": "MCD_DOG",
            "label": "ward",
            "timestamp": "2024-11-09T19:51:26.759Z"
        },
        {
            "target": "MCD_CLIP_GUSD_A",
            "source": "MCD_ESM",
            "label": "ward",
            "timestamp": "2024-11-09T19:51:26.759Z"
        },
        {
            "target": "MCD_CLIP_GUSD_A",
            "source": "MCD_END",
            "label": "ward",
            "timestamp": "2024-11-09T19:51:26.759Z"
        },
        {
            "target": "MCD_CLIP_GUSD_A",
            "source": "CLIPPER_MOM",
            "label": "ward",
            "timestamp": "2024-11-09T19:51:26.759Z"
        },
        {
            "target": "MCD_CLIP_PSM_USDC_A",
            "source": "MCD_PAUSE_PROXY",
            "label": "ward",
            "timestamp": "2024-11-09T19:53:28.818Z"
        },
        {
            "target": "MCD_CLIP_PSM_USDC_A",
            "source": "MCD_DOG",
            "label": "ward",
            "timestamp": "2024-11-09T19:53:28.818Z"
        },
        {
            "target": "MCD_CLIP_PSM_USDC_A",
            "source": "MCD_ESM",
            "label": "ward",
            "timestamp": "2024-11-09T19:53:28.818Z"
        },
        {
            "target": "MCD_CLIP_PSM_USDC_A",
            "source": "MCD_END",
            "label": "ward",
            "timestamp": "2024-11-09T19:53:28.818Z"
        },
        {
            "target": "MCD_CLIP_UNIV2DAIUSDC_A",
            "source": "MCD_PAUSE_PROXY",
            "label": "ward",
            "timestamp": "2024-11-09T19:55:31.451Z"
        },
        {
            "target": "MCD_CLIP_UNIV2DAIUSDC_A",
            "source": "MCD_DOG",
            "label": "ward",
            "timestamp": "2024-11-09T19:55:31.451Z"
        },
        {
            "target": "MCD_CLIP_UNIV2DAIUSDC_A",
            "source": "MCD_ESM",
            "label": "ward",
            "timestamp": "2024-11-09T19:55:31.451Z"
        },
        {
            "target": "MCD_CLIP_UNIV2DAIUSDC_A",
            "source": "MCD_END",
            "label": "ward",
            "timestamp": "2024-11-09T19:55:31.451Z"
        },
        {
            "target": "MCD_CLIP_PSM_PAX_A",
            "source": "MCD_PAUSE_PROXY",
            "label": "ward",
            "timestamp": "2024-11-09T19:57:31.062Z"
        },
        {
            "target": "MCD_CLIP_PSM_PAX_A",
            "source": "MCD_DOG",
            "label": "ward",
            "timestamp": "2024-11-09T19:57:31.062Z"
        },
        {
            "target": "MCD_CLIP_PSM_PAX_A",
            "source": "MCD_ESM",
            "label": "ward",
            "timestamp": "2024-11-09T19:57:31.062Z"
        },
        {
            "target": "MCD_CLIP_PSM_PAX_A",
            "source": "MCD_END",
            "label": "ward",
            "timestamp": "2024-11-09T19:57:31.062Z"
        },
        {
            "target": "MCD_CLIP_MATIC_A",
            "source": "MCD_PAUSE_PROXY",
            "label": "ward",
            "timestamp": "2024-11-09T19:59:30.668Z"
        },
        {
            "target": "MCD_CLIP_MATIC_A",
            "source": "MCD_DOG",
            "label": "ward",
            "timestamp": "2024-11-09T19:59:30.668Z"
        },
        {
            "target": "MCD_CLIP_MATIC_A",
            "source": "CLIPPER_MOM",
            "label": "ward",
            "timestamp": "2024-11-09T19:59:30.668Z"
        },
        {
            "target": "MCD_CLIP_MATIC_A",
            "source": "MCD_ESM",
            "label": "ward",
            "timestamp": "2024-11-09T19:59:30.668Z"
        },
        {
            "target": "MCD_CLIP_MATIC_A",
            "source": "MCD_END",
            "label": "ward",
            "timestamp": "2024-11-09T19:59:30.668Z"
        },
        {
            "target": "MCD_CLIP_GUNIV3DAIUSDC1_A",
            "source": "MCD_PAUSE_PROXY",
            "label": "ward",
            "timestamp": "2024-11-09T20:01:31.824Z"
        },
        {
            "target": "MCD_CLIP_GUNIV3DAIUSDC1_A",
            "source": "MCD_DOG",
            "label": "ward",
            "timestamp": "2024-11-09T20:01:31.824Z"
        },
        {
            "target": "MCD_CLIP_GUNIV3DAIUSDC1_A",
            "source": "MCD_ESM",
            "label": "ward",
            "timestamp": "2024-11-09T20:01:31.824Z"
        },
        {
            "target": "MCD_CLIP_GUNIV3DAIUSDC1_A",
            "source": "MCD_END",
            "label": "ward",
            "timestamp": "2024-11-09T20:01:31.824Z"
        },
        {
            "target": "MCD_CLIP_WSTETH_A",
            "source": "MCD_PAUSE_PROXY",
            "label": "ward",
            "timestamp": "2024-11-09T20:03:32.333Z"
        },
        {
            "target": "MCD_CLIP_WSTETH_A",
            "source": "MCD_DOG",
            "label": "ward",
            "timestamp": "2024-11-09T20:03:32.333Z"
        },
        {
            "target": "MCD_CLIP_WSTETH_A",
            "source": "CLIPPER_MOM",
            "label": "ward",
            "timestamp": "2024-11-09T20:03:32.333Z"
        },
        {
            "target": "MCD_CLIP_WSTETH_A",
            "source": "MCD_ESM",
            "label": "ward",
            "timestamp": "2024-11-09T20:03:32.333Z"
        },
        {
            "target": "MCD_CLIP_WSTETH_A",
            "source": "MCD_END",
            "label": "ward",
            "timestamp": "2024-11-09T20:03:32.333Z"
        },
        {
            "target": "MCD_CLIP_WBTC_B",
            "source": "MCD_PAUSE_PROXY",
            "label": "ward",
            "timestamp": "2024-11-09T20:05:36.619Z"
        },
        {
            "target": "MCD_CLIP_WBTC_B",
            "source": "MCD_DOG",
            "label": "ward",
            "timestamp": "2024-11-09T20:05:36.619Z"
        },
        {
            "target": "MCD_CLIP_WBTC_B",
            "source": "CLIPPER_MOM",
            "label": "ward",
            "timestamp": "2024-11-09T20:05:36.619Z"
        },
        {
            "target": "MCD_CLIP_WBTC_B",
            "source": "MCD_ESM",
            "label": "ward",
            "timestamp": "2024-11-09T20:05:36.619Z"
        },
        {
            "target": "MCD_CLIP_WBTC_B",
            "source": "MCD_END",
            "label": "ward",
            "timestamp": "2024-11-09T20:05:36.619Z"
        },
        {
            "target": "MCD_CLIP_WBTC_C",
            "source": "MCD_PAUSE_PROXY",
            "label": "ward",
            "timestamp": "2024-11-09T20:07:37.306Z"
        },
        {
            "target": "MCD_CLIP_WBTC_C",
            "source": "MCD_DOG",
            "label": "ward",
            "timestamp": "2024-11-09T20:07:37.306Z"
        },
        {
            "target": "MCD_CLIP_WBTC_C",
            "source": "CLIPPER_MOM",
            "label": "ward",
            "timestamp": "2024-11-09T20:07:37.306Z"
        },
        {
            "target": "MCD_CLIP_WBTC_C",
            "source": "MCD_ESM",
            "label": "ward",
            "timestamp": "2024-11-09T20:07:37.306Z"
        },
        {
            "target": "MCD_CLIP_WBTC_C",
            "source": "MCD_END",
            "label": "ward",
            "timestamp": "2024-11-09T20:07:37.306Z"
        },
        {
            "target": "MCD_CLIP_PSM_GUSD_A",
            "source": "MCD_PAUSE_PROXY",
            "label": "ward",
            "timestamp": "2024-11-09T20:09:40.920Z"
        },
        {
            "target": "MCD_CLIP_PSM_GUSD_A",
            "source": "MCD_DOG",
            "label": "ward",
            "timestamp": "2024-11-09T20:09:40.920Z"
        },
        {
            "target": "MCD_CLIP_PSM_GUSD_A",
            "source": "MCD_ESM",
            "label": "ward",
            "timestamp": "2024-11-09T20:09:40.920Z"
        },
        {
            "target": "MCD_CLIP_PSM_GUSD_A",
            "source": "MCD_END",
            "label": "ward",
            "timestamp": "2024-11-09T20:09:40.920Z"
        },
        {
            "target": "MCD_CLIP_GUNIV3DAIUSDC2_A",
            "source": "MCD_PAUSE_PROXY",
            "label": "ward",
            "timestamp": "2024-11-09T20:11:42.434Z"
        },
        {
            "target": "MCD_CLIP_GUNIV3DAIUSDC2_A",
            "source": "MCD_DOG",
            "label": "ward",
            "timestamp": "2024-11-09T20:11:42.434Z"
        },
        {
            "target": "MCD_CLIP_GUNIV3DAIUSDC2_A",
            "source": "MCD_ESM",
            "label": "ward",
            "timestamp": "2024-11-09T20:11:42.434Z"
        },
        {
            "target": "MCD_CLIP_GUNIV3DAIUSDC2_A",
            "source": "MCD_END",
            "label": "ward",
            "timestamp": "2024-11-09T20:11:42.434Z"
        },
        {
            "target": "MCD_CLIP_WSTETH_B",
            "source": "MCD_PAUSE_PROXY",
            "label": "ward",
            "timestamp": "2024-11-09T20:13:45.315Z"
        },
        {
            "target": "MCD_CLIP_WSTETH_B",
            "source": "MCD_DOG",
            "label": "ward",
            "timestamp": "2024-11-09T20:13:45.315Z"
        },
        {
            "target": "MCD_CLIP_WSTETH_B",
            "source": "MCD_ESM",
            "label": "ward",
            "timestamp": "2024-11-09T20:13:45.315Z"
        },
        {
            "target": "MCD_CLIP_WSTETH_B",
            "source": "CLIPPER_MOM",
            "label": "ward",
            "timestamp": "2024-11-09T20:13:45.315Z"
        },
        {
            "target": "MCD_CLIP_WSTETH_B",
            "source": "MCD_END",
            "label": "ward",
            "timestamp": "2024-11-09T20:13:45.315Z"
        },
        {
            "target": "MCD_CLIP_RETH_A",
            "source": "MCD_PAUSE_PROXY",
            "label": "ward",
            "timestamp": "2024-11-09T20:15:37.487Z"
        },
        {
            "target": "MCD_CLIP_RETH_A",
            "source": "MCD_DOG",
            "label": "ward",
            "timestamp": "2024-11-09T20:15:37.487Z"
        },
        {
            "target": "MCD_CLIP_RETH_A",
            "source": "MCD_END",
            "label": "ward",
            "timestamp": "2024-11-09T20:15:37.487Z"
        },
        {
            "target": "MCD_CLIP_RETH_A",
            "source": "MCD_ESM",
            "label": "ward",
            "timestamp": "2024-11-09T20:15:37.487Z"
        },
        {
            "target": "MCD_CLIP_RETH_A",
            "source": "CLIPPER_MOM",
            "label": "ward",
            "timestamp": "2024-11-09T20:15:37.487Z"
        },
        {
            "target": "MCD_CLIP_GNO_A",
            "source": "MCD_PAUSE_PROXY",
            "label": "ward",
            "timestamp": "2024-11-09T20:17:38.151Z"
        },
        {
            "target": "MCD_CLIP_GNO_A",
            "source": "MCD_DOG",
            "label": "ward",
            "timestamp": "2024-11-09T20:17:38.151Z"
        },
        {
            "target": "MCD_CLIP_GNO_A",
            "source": "MCD_END",
            "label": "ward",
            "timestamp": "2024-11-09T20:17:38.151Z"
        },
        {
            "target": "MCD_CLIP_GNO_A",
            "source": "MCD_ESM",
            "label": "ward",
            "timestamp": "2024-11-09T20:17:38.151Z"
        },
        {
            "target": "MCD_CLIP_GNO_A",
            "source": "CLIPPER_MOM",
            "label": "ward",
            "timestamp": "2024-11-09T20:17:38.151Z"
        }
    ],
    "nodes": [
        {
            "id": "MCD_PAUSE_PROXY"
        },
        {
            "id": "PIP_ETH"
        },
        {
            "id": "0x97C3e595e8f80169266B5534e4d7A1bB58BB45ab"
        },
        {
            "id": "0x12Ee7E3369272CeE4e9843F36331561DBF9Ae6b4"
        },
        {
            "id": "0x538038E526517680735568f9C5342c6E68bbDA12"
        },
        {
            "id": "0x2325aa20DEAa9770a978f1dc7C073589ffC79DC3"
        },
        {
            "id": "PIP_UNIV2DAIETH"
        },
        {
            "id": "PIP_UNIV2WBTCETH"
        },
        {
            "id": "PIP_UNIV2USDCETH"
        },
        {
            "id": "PIP_UNIV2ETHUSDT"
        },
        {
            "id": "PIP_UNIV2LINKETH"
        },
        {
            "id": "PIP_UNIV2UNIETH"
        },
        {
            "id": "PIP_UNIV2AAVEETH"
        },
        {
            "id": "PIP_CRVV1ETHSTETH"
        },
        {
            "id": "MCD_PAUSE"
        },
        {
            "id": "OSM_MOM"
        },
        {
            "id": "MCD_SPOT"
        },
        {
            "id": "0xeAa474cbFFA87Ae0F1a6f68a3aBA6C77C656F72c"
        },
        {
            "id": "0xCF63089A8aD2a9D8BD6Bb8022f3190EB7e1eD0f1"
        },
        {
            "id": "0xD5885fbCb9a8a8244746010a3BC6F1C6e0269777"
        },
        {
            "id": "0xDF3CDd10e646e4155723a3bC5b1191741DD90333"
        },
        {
            "id": "MCD_CLIP_ETH_A"
        },
        {
            "id": "CLIPPER_MOM"
        },
        {
            "id": "MCD_CLIP_ETH_B"
        },
        {
            "id": "MCD_CLIP_ETH_C"
        },
        {
            "id": "0x55Dc2Be8020bCa72E58e665dC931E03B749ea5E0"
        },
        {
            "id": "MCD_END"
        },
        {
            "id": "0x9b52465793cBce01DEbd9b3c2B029dc69d19D255"
        },
        {
            "id": "0xA9E664bB519Dc372C025100eA83255eDC8d9bDE3"
        },
        {
            "id": "0xba2906b18B069b40C6D2CAFd392E76ad479B1B53"
        },
        {
            "id": "0xf7D44D5a28d5AF27a7F9c8fc6eFe0129e554d7c4"
        },
        {
            "id": "MCD_CLIP_UNIV2DAIETH_A"
        },
        {
            "id": "MCD_CLIP_UNIV2WBTCETH_A"
        },
        {
            "id": "MCD_CLIP_UNIV2USDCETH_A"
        },
        {
            "id": "MCD_CLIP_UNIV2ETHUSDT_A"
        },
        {
            "id": "MCD_CLIP_UNIV2LINKETH_A"
        },
        {
            "id": "MCD_CLIP_UNIV2UNIETH_A"
        },
        {
            "id": "MCD_CLIP_UNIV2AAVEETH_A"
        },
        {
            "id": "MCD_CLIP_CRVV1ETHSTETH_A"
        },
        {
            "id": "0x208266c96F9A4e61856EFe2417eaB3b9EF59B22f"
        },
        {
            "id": "MCD_ADM"
        },
        {
            "id": "0x2d3c90e3a9d216b353f555a73E1C70684D6032ad"
        },
        {
            "id": "0x335E4c29Cf5C87c9ea8b7d9263e41918739D1E46"
        },
        {
            "id": "0x0528A32fda5beDf89Ba9ad67296db83c9452F28C"
        },
        {
            "id": "MCD_DOG"
        },
        {
            "id": "MCD_ESM"
        },
        {
            "id": "0x12348c699adc022be55602ef389De5D8A3B25e3d"
        },
        {
            "id": "MCD_CLIP_LINK_A"
        },
        {
            "id": "MCD_CLIP_YFI_A"
        },
        {
            "id": "MCD_CLIP_WBTC_A"
        },
        {
            "id": "MCD_CLIP_BAT_A"
        },
        {
            "id": "MCD_CLIP_ZRX_A"
        },
        {
            "id": "MCD_CLIP_KNC_A"
        },
        {
            "id": "MCD_CLIP_MANA_A"
        },
        {
            "id": "MCD_CLIP_COMP_A"
        },
        {
            "id": "MCD_CLIP_LRC_A"
        },
        {
            "id": "MCD_CLIP_BAL_A"
        },
        {
            "id": "MCD_CLIP_UNI_A"
        },
        {
            "id": "MCD_CLIP_RENBTC_A"
        },
        {
            "id": "MCD_CLIP_AAVE_A"
        },
        {
            "id": "MCD_CLIP_UNIV2WBTCDAI_A"
        },
        {
            "id": "MCD_CLIP_UNIV2DAIUSDT_A"
        },
        {
            "id": "MCD_CLIP_USDC_A"
        },
        {
            "id": "MCD_CLIP_USDC_B"
        },
        {
            "id": "MCD_CLIP_TUSD_A"
        },
        {
            "id": "MCD_CLIP_USDT_A"
        },
        {
            "id": "MCD_CLIP_PAXUSD_A"
        },
        {
            "id": "MCD_CLIP_GUSD_A"
        },
        {
            "id": "MCD_CLIP_PSM_USDC_A"
        },
        {
            "id": "MCD_CLIP_UNIV2DAIUSDC_A"
        },
        {
            "id": "MCD_CLIP_PSM_PAX_A"
        },
        {
            "id": "MCD_CLIP_MATIC_A"
        },
        {
            "id": "MCD_CLIP_GUNIV3DAIUSDC1_A"
        },
        {
            "id": "MCD_CLIP_WSTETH_A"
        },
        {
            "id": "MCD_CLIP_WBTC_B"
        },
        {
            "id": "MCD_CLIP_WBTC_C"
        },
        {
            "id": "MCD_CLIP_PSM_GUSD_A"
        },
        {
            "id": "MCD_CLIP_GUNIV3DAIUSDC2_A"
        },
        {
            "id": "MCD_CLIP_WSTETH_B"
        },
        {
            "id": "MCD_CLIP_RETH_A"
        },
        {
            "id": "MCD_CLIP_GNO_A"
        },
        {
            "id": "PIP_UNIV2AAVEETH_ORB1"
        }
    ]
}