{
    "links": [
        {
            "target": "PIP_COMP_SRC",
            "source": "MCD_PAUSE_PROXY",
            "label": "ward",
            "timestamp": "2024-11-09T12:54:13.300Z"
        },
        {
            "target": "PIP_COMP_SRC",
            "source": "PIP_COMP",
            "label": "bud",
            "timestamp": "2024-11-09T12:54:13.300Z"
        },
        {
            "target": "MCD_PAUSE_PROXY",
            "source": "MCD_PAUSE",
            "label": "owner",
            "timestamp": "2024-11-09T12:56:15.539Z"
        },
        {
            "target": "PIP_COMP",
            "source": "MCD_PAUSE_PROXY",
            "label": "ward",
            "timestamp": "2024-11-09T12:58:19.690Z"
        },
        {
            "target": "PIP_COMP",
            "source": "OSM_MOM",
            "label": "ward",
            "timestamp": "2024-11-09T12:58:19.690Z"
        },
        {
            "target": "PIP_COMP",
            "source": "MCD_SPOT",
            "label": "bud",
            "timestamp": "2024-11-09T12:58:19.690Z"
        },
        {
            "target": "PIP_COMP",
            "source": "0xD5885fbCb9a8a8244746010a3BC6F1C6e0269777",
            "label": "bud",
            "timestamp": "2024-11-09T12:58:19.690Z"
        },
        {
            "target": "PIP_COMP",
            "source": "MCD_CLIP_COMP_A",
            "label": "bud",
            "timestamp": "2024-11-09T12:58:19.690Z"
        },
        {
            "target": "PIP_COMP",
            "source": "CLIPPER_MOM",
            "label": "bud",
            "timestamp": "2024-11-09T12:58:19.690Z"
        },
        {
            "target": "PIP_COMP",
            "source": "0x4e9452CD5ba694de87ea1d791aBfdc4a250800f4",
            "label": "bud",
            "timestamp": "2024-11-09T12:58:19.690Z"
        },
        {
            "target": "PIP_COMP",
            "source": "MCD_END",
            "label": "bud",
            "timestamp": "2024-11-09T12:58:19.690Z"
        },
        {
            "target": "MCD_PAUSE",
            "source": "0x208266c96F9A4e61856EFe2417eaB3b9EF59B22f",
            "label": "owner",
            "timestamp": "2024-11-09T13:00:17.769Z"
        },
        {
            "target": "MCD_PAUSE",
            "source": "MCD_ADM",
            "label": "authority",
            "timestamp": "2024-11-09T13:00:17.769Z"
        },
        {
            "target": "OSM_MOM",
            "source": "MCD_PAUSE_PROXY",
            "label": "owner",
            "timestamp": "2024-11-09T13:02:13.056Z"
        },
        {
            "target": "OSM_MOM",
            "source": "MCD_ADM",
            "label": "authority",
            "timestamp": "2024-11-09T13:02:13.056Z"
        },
        {
            "target": "MCD_SPOT",
            "source": "MCD_PAUSE_PROXY",
            "label": "ward",
            "timestamp": "2024-11-09T13:04:34.819Z"
        },
        {
            "target": "MCD_SPOT",
            "source": "0x2d3c90e3a9d216b353f555a73E1C70684D6032ad",
            "label": "ward",
            "timestamp": "2024-11-09T13:04:34.819Z"
        },
        {
            "target": "MCD_SPOT",
            "source": "0x335E4c29Cf5C87c9ea8b7d9263e41918739D1E46",
            "label": "ward",
            "timestamp": "2024-11-09T13:04:34.819Z"
        },
        {
            "target": "MCD_SPOT",
            "source": "MCD_END",
            "label": "ward",
            "timestamp": "2024-11-09T13:04:34.819Z"
        },
        {
            "target": "MCD_CLIP_COMP_A",
            "source": "MCD_PAUSE_PROXY",
            "label": "ward",
            "timestamp": "2024-11-09T13:08:33.080Z"
        },
        {
            "target": "MCD_CLIP_COMP_A",
            "source": "MCD_DOG",
            "label": "ward",
            "timestamp": "2024-11-09T13:08:33.080Z"
        },
        {
            "target": "MCD_CLIP_COMP_A",
            "source": "CLIPPER_MOM",
            "label": "ward",
            "timestamp": "2024-11-09T13:08:33.080Z"
        },
        {
            "target": "MCD_CLIP_COMP_A",
            "source": "MCD_ESM",
            "label": "ward",
            "timestamp": "2024-11-09T13:08:33.080Z"
        },
        {
            "target": "MCD_CLIP_COMP_A",
            "source": "MCD_END",
            "label": "ward",
            "timestamp": "2024-11-09T13:08:33.080Z"
        },
        {
            "target": "CLIPPER_MOM",
            "source": "MCD_PAUSE_PROXY",
            "label": "owner",
            "timestamp": "2024-11-09T13:10:29.600Z"
        },
        {
            "target": "CLIPPER_MOM",
            "source": "MCD_ADM",
            "label": "authority",
            "timestamp": "2024-11-09T13:10:29.600Z"
        },
        {
            "target": "MCD_END",
            "source": "MCD_PAUSE_PROXY",
            "label": "ward",
            "timestamp": "2024-11-09T13:14:29.405Z"
        },
        {
            "target": "MCD_END",
            "source": "MCD_ESM",
            "label": "ward",
            "timestamp": "2024-11-09T13:14:29.405Z"
        },
        {
            "target": "0x208266c96F9A4e61856EFe2417eaB3b9EF59B22f",
            "source": "0x208266c96F9A4e61856EFe2417eaB3b9EF59B22f",
            "label": "externally owned account",
            "timestamp": "2024-11-09T13:16:22.907Z"
        },
        {
            "target": "MCD_ADM",
            "source": "MCD_ADM",
            "label": "authority",
            "timestamp": "2024-11-09T13:18:32.277Z"
        },
        {
            "target": "MCD_DOG",
            "source": "MCD_PAUSE_PROXY",
            "label": "ward",
            "timestamp": "2024-11-09T13:24:37.494Z"
        },
        {
            "target": "MCD_DOG",
            "source": "MCD_CLIP_LINK_A",
            "label": "ward",
            "timestamp": "2024-11-09T13:24:37.494Z"
        },
        {
            "target": "MCD_DOG",
            "source": "MCD_CLIP_YFI_A",
            "label": "ward",
            "timestamp": "2024-11-09T13:24:37.494Z"
        },
        {
            "target": "MCD_DOG",
            "source": "MCD_CLIP_ETH_A",
            "label": "ward",
            "timestamp": "2024-11-09T13:24:37.494Z"
        },
        {
            "target": "MCD_DOG",
            "source": "MCD_CLIP_ETH_B",
            "label": "ward",
            "timestamp": "2024-11-09T13:24:37.494Z"
        },
        {
            "target": "MCD_DOG",
            "source": "MCD_CLIP_ETH_C",
            "label": "ward",
            "timestamp": "2024-11-09T13:24:37.494Z"
        },
        {
            "target": "MCD_DOG",
            "source": "MCD_CLIP_WBTC_A",
            "label": "ward",
            "timestamp": "2024-11-09T13:24:37.494Z"
        },
        {
            "target": "MCD_DOG",
            "source": "MCD_CLIP_BAT_A",
            "label": "ward",
            "timestamp": "2024-11-09T13:24:37.494Z"
        },
        {
            "target": "MCD_DOG",
            "source": "MCD_CLIP_ZRX_A",
            "label": "ward",
            "timestamp": "2024-11-09T13:24:37.494Z"
        },
        {
            "target": "MCD_DOG",
            "source": "MCD_CLIP_KNC_A",
            "label": "ward",
            "timestamp": "2024-11-09T13:24:37.494Z"
        },
        {
            "target": "MCD_DOG",
            "source": "MCD_CLIP_MANA_A",
            "label": "ward",
            "timestamp": "2024-11-09T13:24:37.494Z"
        },
        {
            "target": "MCD_DOG",
            "source": "MCD_CLIP_COMP_A",
            "label": "ward",
            "timestamp": "2024-11-09T13:24:37.494Z"
        },
        {
            "target": "MCD_DOG",
            "source": "MCD_CLIP_LRC_A",
            "label": "ward",
            "timestamp": "2024-11-09T13:24:37.494Z"
        },
        {
            "target": "MCD_DOG",
            "source": "MCD_CLIP_BAL_A",
            "label": "ward",
            "timestamp": "2024-11-09T13:24:37.494Z"
        },
        {
            "target": "MCD_DOG",
            "source": "MCD_CLIP_UNI_A",
            "label": "ward",
            "timestamp": "2024-11-09T13:24:37.494Z"
        },
        {
            "target": "MCD_DOG",
            "source": "MCD_CLIP_RENBTC_A",
            "label": "ward",
            "timestamp": "2024-11-09T13:24:37.494Z"
        },
        {
            "target": "MCD_DOG",
            "source": "MCD_CLIP_AAVE_A",
            "label": "ward",
            "timestamp": "2024-11-09T13:24:37.494Z"
        },
        {
            "target": "MCD_DOG",
            "source": "MCD_CLIP_UNIV2DAIETH_A",
            "label": "ward",
            "timestamp": "2024-11-09T13:24:37.494Z"
        },
        {
            "target": "MCD_DOG",
            "source": "MCD_CLIP_UNIV2USDCETH_A",
            "label": "ward",
            "timestamp": "2024-11-09T13:24:37.494Z"
        },
        {
            "target": "MCD_DOG",
            "source": "MCD_CLIP_UNIV2ETHUSDT_A",
            "label": "ward",
            "timestamp": "2024-11-09T13:24:37.494Z"
        },
        {
            "target": "MCD_DOG",
            "source": "MCD_CLIP_UNIV2WBTCDAI_A",
            "label": "ward",
            "timestamp": "2024-11-09T13:24:37.494Z"
        },
        {
            "target": "MCD_DOG",
            "source": "MCD_CLIP_UNIV2WBTCETH_A",
            "label": "ward",
            "timestamp": "2024-11-09T13:24:37.494Z"
        },
        {
            "target": "MCD_DOG",
            "source": "MCD_CLIP_UNIV2LINKETH_A",
            "label": "ward",
            "timestamp": "2024-11-09T13:24:37.494Z"
        },
        {
            "target": "MCD_DOG",
            "source": "MCD_CLIP_UNIV2UNIETH_A",
            "label": "ward",
            "timestamp": "2024-11-09T13:24:37.494Z"
        },
        {
            "target": "MCD_DOG",
            "source": "MCD_CLIP_UNIV2AAVEETH_A",
            "label": "ward",
            "timestamp": "2024-11-09T13:24:37.494Z"
        },
        {
            "target": "MCD_DOG",
            "source": "MCD_CLIP_UNIV2DAIUSDT_A",
            "label": "ward",
            "timestamp": "2024-11-09T13:24:37.494Z"
        },
        {
            "target": "MCD_DOG",
            "source": "MCD_CLIP_USDC_A",
            "label": "ward",
            "timestamp": "2024-11-09T13:24:37.494Z"
        },
        {
            "target": "MCD_DOG",
            "source": "MCD_CLIP_USDC_B",
            "label": "ward",
            "timestamp": "2024-11-09T13:24:37.494Z"
        },
        {
            "target": "MCD_DOG",
            "source": "MCD_CLIP_TUSD_A",
            "label": "ward",
            "timestamp": "2024-11-09T13:24:37.494Z"
        },
        {
            "target": "MCD_DOG",
            "source": "MCD_CLIP_USDT_A",
            "label": "ward",
            "timestamp": "2024-11-09T13:24:37.494Z"
        },
        {
            "target": "MCD_DOG",
            "source": "MCD_CLIP_PAXUSD_A",
            "label": "ward",
            "timestamp": "2024-11-09T13:24:37.494Z"
        },
        {
            "target": "MCD_DOG",
            "source": "MCD_CLIP_GUSD_A",
            "label": "ward",
            "timestamp": "2024-11-09T13:24:37.494Z"
        },
        {
            "target": "MCD_DOG",
            "source": "MCD_CLIP_PSM_USDC_A",
            "label": "ward",
            "timestamp": "2024-11-09T13:24:37.494Z"
        },
        {
            "target": "MCD_DOG",
            "source": "MCD_CLIP_UNIV2DAIUSDC_A",
            "label": "ward",
            "timestamp": "2024-11-09T13:24:37.494Z"
        },
        {
            "target": "MCD_DOG",
            "source": "MCD_CLIP_PSM_PAX_A",
            "label": "ward",
            "timestamp": "2024-11-09T13:24:37.494Z"
        },
        {
            "target": "MCD_DOG",
            "source": "MCD_CLIP_MATIC_A",
            "label": "ward",
            "timestamp": "2024-11-09T13:24:37.494Z"
        },
        {
            "target": "MCD_DOG",
            "source": "MCD_CLIP_GUNIV3DAIUSDC1_A",
            "label": "ward",
            "timestamp": "2024-11-09T13:24:37.494Z"
        },
        {
            "target": "MCD_DOG",
            "source": "MCD_CLIP_WSTETH_A",
            "label": "ward",
            "timestamp": "2024-11-09T13:24:37.494Z"
        },
        {
            "target": "MCD_DOG",
            "source": "MCD_CLIP_WBTC_B",
            "label": "ward",
            "timestamp": "2024-11-09T13:24:37.494Z"
        },
        {
            "target": "MCD_DOG",
            "source": "MCD_CLIP_WBTC_C",
            "label": "ward",
            "timestamp": "2024-11-09T13:24:37.494Z"
        },
        {
            "target": "MCD_DOG",
            "source": "MCD_CLIP_PSM_GUSD_A",
            "label": "ward",
            "timestamp": "2024-11-09T13:24:37.494Z"
        },
        {
            "target": "MCD_DOG",
            "source": "MCD_CLIP_GUNIV3DAIUSDC2_A",
            "label": "ward",
            "timestamp": "2024-11-09T13:24:37.494Z"
        },
        {
            "target": "MCD_DOG",
            "source": "MCD_CLIP_CRVV1ETHSTETH_A",
            "label": "ward",
            "timestamp": "2024-11-09T13:24:37.494Z"
        },
        {
            "target": "MCD_DOG",
            "source": "MCD_CLIP_WSTETH_B",
            "label": "ward",
            "timestamp": "2024-11-09T13:24:37.494Z"
        },
        {
            "target": "MCD_DOG",
            "source": "MCD_END",
            "label": "ward",
            "timestamp": "2024-11-09T13:24:37.494Z"
        },
        {
            "target": "MCD_DOG",
            "source": "MCD_CLIP_RETH_A",
            "label": "ward",
            "timestamp": "2024-11-09T13:24:37.494Z"
        },
        {
            "target": "MCD_DOG",
            "source": "MCD_CLIP_GNO_A",
            "label": "ward",
            "timestamp": "2024-11-09T13:24:37.494Z"
        },
        {
            "target": "MCD_ESM",
            "source": "MCD_PAUSE_PROXY",
            "label": "ward",
            "timestamp": "2024-11-09T13:26:43.131Z"
        },
        {
            "target": "MCD_CLIP_LINK_A",
            "source": "MCD_PAUSE_PROXY",
            "label": "ward",
            "timestamp": "2024-11-09T13:28:44.681Z"
        },
        {
            "target": "MCD_CLIP_LINK_A",
            "source": "MCD_DOG",
            "label": "ward",
            "timestamp": "2024-11-09T13:28:44.681Z"
        },
        {
            "target": "MCD_CLIP_LINK_A",
            "source": "CLIPPER_MOM",
            "label": "ward",
            "timestamp": "2024-11-09T13:28:44.681Z"
        },
        {
            "target": "MCD_CLIP_LINK_A",
            "source": "MCD_ESM",
            "label": "ward",
            "timestamp": "2024-11-09T13:28:44.681Z"
        },
        {
            "target": "MCD_CLIP_LINK_A",
            "source": "MCD_END",
            "label": "ward",
            "timestamp": "2024-11-09T13:28:44.681Z"
        },
        {
            "target": "MCD_CLIP_YFI_A",
            "source": "MCD_PAUSE_PROXY",
            "label": "ward",
            "timestamp": "2024-11-09T13:30:49.436Z"
        },
        {
            "target": "MCD_CLIP_YFI_A",
            "source": "MCD_DOG",
            "label": "ward",
            "timestamp": "2024-11-09T13:30:49.436Z"
        },
        {
            "target": "MCD_CLIP_YFI_A",
            "source": "CLIPPER_MOM",
            "label": "ward",
            "timestamp": "2024-11-09T13:30:49.436Z"
        },
        {
            "target": "MCD_CLIP_YFI_A",
            "source": "MCD_ESM",
            "label": "ward",
            "timestamp": "2024-11-09T13:30:49.436Z"
        },
        {
            "target": "MCD_CLIP_YFI_A",
            "source": "MCD_END",
            "label": "ward",
            "timestamp": "2024-11-09T13:30:49.436Z"
        },
        {
            "target": "MCD_CLIP_ETH_A",
            "source": "MCD_PAUSE_PROXY",
            "label": "ward",
            "timestamp": "2024-11-09T13:32:47.239Z"
        },
        {
            "target": "MCD_CLIP_ETH_A",
            "source": "MCD_DOG",
            "label": "ward",
            "timestamp": "2024-11-09T13:32:47.239Z"
        },
        {
            "target": "MCD_CLIP_ETH_A",
            "source": "CLIPPER_MOM",
            "label": "ward",
            "timestamp": "2024-11-09T13:32:47.239Z"
        },
        {
            "target": "MCD_CLIP_ETH_A",
            "source": "MCD_ESM",
            "label": "ward",
            "timestamp": "2024-11-09T13:32:47.239Z"
        },
        {
            "target": "MCD_CLIP_ETH_A",
            "source": "MCD_END",
            "label": "ward",
            "timestamp": "2024-11-09T13:32:47.239Z"
        },
        {
            "target": "MCD_CLIP_ETH_B",
            "source": "MCD_PAUSE_PROXY",
            "label": "ward",
            "timestamp": "2024-11-09T13:34:48.470Z"
        },
        {
            "target": "MCD_CLIP_ETH_B",
            "source": "MCD_DOG",
            "label": "ward",
            "timestamp": "2024-11-09T13:34:48.470Z"
        },
        {
            "target": "MCD_CLIP_ETH_B",
            "source": "CLIPPER_MOM",
            "label": "ward",
            "timestamp": "2024-11-09T13:34:48.470Z"
        },
        {
            "target": "MCD_CLIP_ETH_B",
            "source": "MCD_ESM",
            "label": "ward",
            "timestamp": "2024-11-09T13:34:48.470Z"
        },
        {
            "target": "MCD_CLIP_ETH_B",
            "source": "MCD_END",
            "label": "ward",
            "timestamp": "2024-11-09T13:34:48.470Z"
        },
        {
            "target": "MCD_CLIP_ETH_C",
            "source": "MCD_PAUSE_PROXY",
            "label": "ward",
            "timestamp": "2024-11-09T13:36:45.617Z"
        },
        {
            "target": "MCD_CLIP_ETH_C",
            "source": "MCD_DOG",
            "label": "ward",
            "timestamp": "2024-11-09T13:36:45.617Z"
        },
        {
            "target": "MCD_CLIP_ETH_C",
            "source": "CLIPPER_MOM",
            "label": "ward",
            "timestamp": "2024-11-09T13:36:45.617Z"
        },
        {
            "target": "MCD_CLIP_ETH_C",
            "source": "MCD_ESM",
            "label": "ward",
            "timestamp": "2024-11-09T13:36:45.617Z"
        },
        {
            "target": "MCD_CLIP_ETH_C",
            "source": "MCD_END",
            "label": "ward",
            "timestamp": "2024-11-09T13:36:45.617Z"
        },
        {
            "target": "MCD_CLIP_WBTC_A",
            "source": "MCD_PAUSE_PROXY",
            "label": "ward",
            "timestamp": "2024-11-09T13:38:48.139Z"
        },
        {
            "target": "MCD_CLIP_WBTC_A",
            "source": "MCD_DOG",
            "label": "ward",
            "timestamp": "2024-11-09T13:38:48.139Z"
        },
        {
            "target": "MCD_CLIP_WBTC_A",
            "source": "CLIPPER_MOM",
            "label": "ward",
            "timestamp": "2024-11-09T13:38:48.139Z"
        },
        {
            "target": "MCD_CLIP_WBTC_A",
            "source": "MCD_ESM",
            "label": "ward",
            "timestamp": "2024-11-09T13:38:48.139Z"
        },
        {
            "target": "MCD_CLIP_WBTC_A",
            "source": "MCD_END",
            "label": "ward",
            "timestamp": "2024-11-09T13:38:48.139Z"
        },
        {
            "target": "MCD_CLIP_BAT_A",
            "source": "MCD_PAUSE_PROXY",
            "label": "ward",
            "timestamp": "2024-11-09T13:40:50.193Z"
        },
        {
            "target": "MCD_CLIP_BAT_A",
            "source": "MCD_DOG",
            "label": "ward",
            "timestamp": "2024-11-09T13:40:50.193Z"
        },
        {
            "target": "MCD_CLIP_BAT_A",
            "source": "CLIPPER_MOM",
            "label": "ward",
            "timestamp": "2024-11-09T13:40:50.193Z"
        },
        {
            "target": "MCD_CLIP_BAT_A",
            "source": "MCD_ESM",
            "label": "ward",
            "timestamp": "2024-11-09T13:40:50.193Z"
        },
        {
            "target": "MCD_CLIP_BAT_A",
            "source": "MCD_END",
            "label": "ward",
            "timestamp": "2024-11-09T13:40:50.193Z"
        },
        {
            "target": "MCD_CLIP_ZRX_A",
            "source": "MCD_PAUSE_PROXY",
            "label": "ward",
            "timestamp": "2024-11-09T13:42:53.238Z"
        },
        {
            "target": "MCD_CLIP_ZRX_A",
            "source": "MCD_DOG",
            "label": "ward",
            "timestamp": "2024-11-09T13:42:53.238Z"
        },
        {
            "target": "MCD_CLIP_ZRX_A",
            "source": "CLIPPER_MOM",
            "label": "ward",
            "timestamp": "2024-11-09T13:42:53.238Z"
        },
        {
            "target": "MCD_CLIP_ZRX_A",
            "source": "MCD_ESM",
            "label": "ward",
            "timestamp": "2024-11-09T13:42:53.238Z"
        },
        {
            "target": "MCD_CLIP_ZRX_A",
            "source": "MCD_END",
            "label": "ward",
            "timestamp": "2024-11-09T13:42:53.238Z"
        },
        {
            "target": "MCD_CLIP_KNC_A",
            "source": "MCD_PAUSE_PROXY",
            "label": "ward",
            "timestamp": "2024-11-09T13:44:56.604Z"
        },
        {
            "target": "MCD_CLIP_KNC_A",
            "source": "MCD_DOG",
            "label": "ward",
            "timestamp": "2024-11-09T13:44:56.604Z"
        },
        {
            "target": "MCD_CLIP_KNC_A",
            "source": "CLIPPER_MOM",
            "label": "ward",
            "timestamp": "2024-11-09T13:44:56.604Z"
        },
        {
            "target": "MCD_CLIP_KNC_A",
            "source": "MCD_ESM",
            "label": "ward",
            "timestamp": "2024-11-09T13:44:56.604Z"
        },
        {
            "target": "MCD_CLIP_KNC_A",
            "source": "MCD_END",
            "label": "ward",
            "timestamp": "2024-11-09T13:44:56.604Z"
        },
        {
            "target": "MCD_CLIP_MANA_A",
            "source": "MCD_PAUSE_PROXY",
            "label": "ward",
            "timestamp": "2024-11-09T13:47:01.981Z"
        },
        {
            "target": "MCD_CLIP_MANA_A",
            "source": "MCD_DOG",
            "label": "ward",
            "timestamp": "2024-11-09T13:47:01.981Z"
        },
        {
            "target": "MCD_CLIP_MANA_A",
            "source": "CLIPPER_MOM",
            "label": "ward",
            "timestamp": "2024-11-09T13:47:01.981Z"
        },
        {
            "target": "MCD_CLIP_MANA_A",
            "source": "MCD_ESM",
            "label": "ward",
            "timestamp": "2024-11-09T13:47:01.981Z"
        },
        {
            "target": "MCD_CLIP_MANA_A",
            "source": "MCD_END",
            "label": "ward",
            "timestamp": "2024-11-09T13:47:01.981Z"
        },
        {
            "target": "MCD_CLIP_LRC_A",
            "source": "MCD_PAUSE_PROXY",
            "label": "ward",
            "timestamp": "2024-11-09T13:49:03.555Z"
        },
        {
            "target": "MCD_CLIP_LRC_A",
            "source": "MCD_DOG",
            "label": "ward",
            "timestamp": "2024-11-09T13:49:03.555Z"
        },
        {
            "target": "MCD_CLIP_LRC_A",
            "source": "CLIPPER_MOM",
            "label": "ward",
            "timestamp": "2024-11-09T13:49:03.555Z"
        },
        {
            "target": "MCD_CLIP_LRC_A",
            "source": "MCD_ESM",
            "label": "ward",
            "timestamp": "2024-11-09T13:49:03.555Z"
        },
        {
            "target": "MCD_CLIP_LRC_A",
            "source": "MCD_END",
            "label": "ward",
            "timestamp": "2024-11-09T13:49:03.555Z"
        },
        {
            "target": "MCD_CLIP_BAL_A",
            "source": "MCD_PAUSE_PROXY",
            "label": "ward",
            "timestamp": "2024-11-09T13:51:04.537Z"
        },
        {
            "target": "MCD_CLIP_BAL_A",
            "source": "MCD_DOG",
            "label": "ward",
            "timestamp": "2024-11-09T13:51:04.537Z"
        },
        {
            "target": "MCD_CLIP_BAL_A",
            "source": "CLIPPER_MOM",
            "label": "ward",
            "timestamp": "2024-11-09T13:51:04.537Z"
        },
        {
            "target": "MCD_CLIP_BAL_A",
            "source": "MCD_ESM",
            "label": "ward",
            "timestamp": "2024-11-09T13:51:04.537Z"
        },
        {
            "target": "MCD_CLIP_BAL_A",
            "source": "MCD_END",
            "label": "ward",
            "timestamp": "2024-11-09T13:51:04.537Z"
        },
        {
            "target": "MCD_CLIP_UNI_A",
            "source": "MCD_PAUSE_PROXY",
            "label": "ward",
            "timestamp": "2024-11-09T13:53:04.149Z"
        },
        {
            "target": "MCD_CLIP_UNI_A",
            "source": "MCD_DOG",
            "label": "ward",
            "timestamp": "2024-11-09T13:53:04.149Z"
        },
        {
            "target": "MCD_CLIP_UNI_A",
            "source": "CLIPPER_MOM",
            "label": "ward",
            "timestamp": "2024-11-09T13:53:04.149Z"
        },
        {
            "target": "MCD_CLIP_UNI_A",
            "source": "MCD_ESM",
            "label": "ward",
            "timestamp": "2024-11-09T13:53:04.149Z"
        },
        {
            "target": "MCD_CLIP_UNI_A",
            "source": "MCD_END",
            "label": "ward",
            "timestamp": "2024-11-09T13:53:04.149Z"
        },
        {
            "target": "MCD_CLIP_RENBTC_A",
            "source": "MCD_PAUSE_PROXY",
            "label": "ward",
            "timestamp": "2024-11-09T13:55:03.513Z"
        },
        {
            "target": "MCD_CLIP_RENBTC_A",
            "source": "MCD_DOG",
            "label": "ward",
            "timestamp": "2024-11-09T13:55:03.513Z"
        },
        {
            "target": "MCD_CLIP_RENBTC_A",
            "source": "CLIPPER_MOM",
            "label": "ward",
            "timestamp": "2024-11-09T13:55:03.513Z"
        },
        {
            "target": "MCD_CLIP_RENBTC_A",
            "source": "MCD_ESM",
            "label": "ward",
            "timestamp": "2024-11-09T13:55:03.513Z"
        },
        {
            "target": "MCD_CLIP_RENBTC_A",
            "source": "MCD_END",
            "label": "ward",
            "timestamp": "2024-11-09T13:55:03.513Z"
        },
        {
            "target": "MCD_CLIP_AAVE_A",
            "source": "MCD_PAUSE_PROXY",
            "label": "ward",
            "timestamp": "2024-11-09T13:57:03.625Z"
        },
        {
            "target": "MCD_CLIP_AAVE_A",
            "source": "MCD_DOG",
            "label": "ward",
            "timestamp": "2024-11-09T13:57:03.625Z"
        },
        {
            "target": "MCD_CLIP_AAVE_A",
            "source": "CLIPPER_MOM",
            "label": "ward",
            "timestamp": "2024-11-09T13:57:03.625Z"
        },
        {
            "target": "MCD_CLIP_AAVE_A",
            "source": "MCD_ESM",
            "label": "ward",
            "timestamp": "2024-11-09T13:57:03.625Z"
        },
        {
            "target": "MCD_CLIP_AAVE_A",
            "source": "MCD_END",
            "label": "ward",
            "timestamp": "2024-11-09T13:57:03.625Z"
        },
        {
            "target": "MCD_CLIP_UNIV2DAIETH_A",
            "source": "MCD_PAUSE_PROXY",
            "label": "ward",
            "timestamp": "2024-11-09T13:59:02.937Z"
        },
        {
            "target": "MCD_CLIP_UNIV2DAIETH_A",
            "source": "MCD_DOG",
            "label": "ward",
            "timestamp": "2024-11-09T13:59:02.937Z"
        },
        {
            "target": "MCD_CLIP_UNIV2DAIETH_A",
            "source": "CLIPPER_MOM",
            "label": "ward",
            "timestamp": "2024-11-09T13:59:02.937Z"
        },
        {
            "target": "MCD_CLIP_UNIV2DAIETH_A",
            "source": "MCD_ESM",
            "label": "ward",
            "timestamp": "2024-11-09T13:59:02.937Z"
        },
        {
            "target": "MCD_CLIP_UNIV2DAIETH_A",
            "source": "MCD_END",
            "label": "ward",
            "timestamp": "2024-11-09T13:59:02.937Z"
        },
        {
            "target": "MCD_CLIP_UNIV2USDCETH_A",
            "source": "MCD_PAUSE_PROXY",
            "label": "ward",
            "timestamp": "2024-11-09T14:01:02.589Z"
        },
        {
            "target": "MCD_CLIP_UNIV2USDCETH_A",
            "source": "MCD_DOG",
            "label": "ward",
            "timestamp": "2024-11-09T14:01:02.589Z"
        },
        {
            "target": "MCD_CLIP_UNIV2USDCETH_A",
            "source": "CLIPPER_MOM",
            "label": "ward",
            "timestamp": "2024-11-09T14:01:02.589Z"
        },
        {
            "target": "MCD_CLIP_UNIV2USDCETH_A",
            "source": "MCD_ESM",
            "label": "ward",
            "timestamp": "2024-11-09T14:01:02.589Z"
        },
        {
            "target": "MCD_CLIP_UNIV2USDCETH_A",
            "source": "MCD_END",
            "label": "ward",
            "timestamp": "2024-11-09T14:01:02.589Z"
        },
        {
            "target": "MCD_CLIP_UNIV2ETHUSDT_A",
            "source": "MCD_PAUSE_PROXY",
            "label": "ward",
            "timestamp": "2024-11-09T14:04:07.998Z"
        },
        {
            "target": "MCD_CLIP_UNIV2ETHUSDT_A",
            "source": "MCD_DOG",
            "label": "ward",
            "timestamp": "2024-11-09T14:04:07.998Z"
        },
        {
            "target": "MCD_CLIP_UNIV2ETHUSDT_A",
            "source": "CLIPPER_MOM",
            "label": "ward",
            "timestamp": "2024-11-09T14:04:07.998Z"
        },
        {
            "target": "MCD_CLIP_UNIV2ETHUSDT_A",
            "source": "MCD_ESM",
            "label": "ward",
            "timestamp": "2024-11-09T14:04:07.998Z"
        },
        {
            "target": "MCD_CLIP_UNIV2ETHUSDT_A",
            "source": "MCD_END",
            "label": "ward",
            "timestamp": "2024-11-09T14:04:07.998Z"
        },
        {
            "target": "MCD_CLIP_UNIV2WBTCDAI_A",
            "source": "MCD_PAUSE_PROXY",
            "label": "ward",
            "timestamp": "2024-11-09T14:06:13.421Z"
        },
        {
            "target": "MCD_CLIP_UNIV2WBTCDAI_A",
            "source": "MCD_DOG",
            "label": "ward",
            "timestamp": "2024-11-09T14:06:13.421Z"
        },
        {
            "target": "MCD_CLIP_UNIV2WBTCDAI_A",
            "source": "CLIPPER_MOM",
            "label": "ward",
            "timestamp": "2024-11-09T14:06:13.421Z"
        },
        {
            "target": "MCD_CLIP_UNIV2WBTCDAI_A",
            "source": "MCD_ESM",
            "label": "ward",
            "timestamp": "2024-11-09T14:06:13.421Z"
        },
        {
            "target": "MCD_CLIP_UNIV2WBTCDAI_A",
            "source": "MCD_END",
            "label": "ward",
            "timestamp": "2024-11-09T14:06:13.421Z"
        },
        {
            "target": "MCD_CLIP_UNIV2WBTCETH_A",
            "source": "MCD_PAUSE_PROXY",
            "label": "ward",
            "timestamp": "2024-11-09T14:08:17.299Z"
        },
        {
            "target": "MCD_CLIP_UNIV2WBTCETH_A",
            "source": "MCD_DOG",
            "label": "ward",
            "timestamp": "2024-11-09T14:08:17.299Z"
        },
        {
            "target": "MCD_CLIP_UNIV2WBTCETH_A",
            "source": "CLIPPER_MOM",
            "label": "ward",
            "timestamp": "2024-11-09T14:08:17.299Z"
        },
        {
            "target": "MCD_CLIP_UNIV2WBTCETH_A",
            "source": "MCD_ESM",
            "label": "ward",
            "timestamp": "2024-11-09T14:08:17.299Z"
        },
        {
            "target": "MCD_CLIP_UNIV2WBTCETH_A",
            "source": "MCD_END",
            "label": "ward",
            "timestamp": "2024-11-09T14:08:17.299Z"
        },
        {
            "target": "MCD_CLIP_UNIV2LINKETH_A",
            "source": "MCD_PAUSE_PROXY",
            "label": "ward",
            "timestamp": "2024-11-09T14:10:24.845Z"
        },
        {
            "target": "MCD_CLIP_UNIV2LINKETH_A",
            "source": "MCD_DOG",
            "label": "ward",
            "timestamp": "2024-11-09T14:10:24.845Z"
        },
        {
            "target": "MCD_CLIP_UNIV2LINKETH_A",
            "source": "CLIPPER_MOM",
            "label": "ward",
            "timestamp": "2024-11-09T14:10:24.845Z"
        },
        {
            "target": "MCD_CLIP_UNIV2LINKETH_A",
            "source": "MCD_ESM",
            "label": "ward",
            "timestamp": "2024-11-09T14:10:24.845Z"
        },
        {
            "target": "MCD_CLIP_UNIV2LINKETH_A",
            "source": "MCD_END",
            "label": "ward",
            "timestamp": "2024-11-09T14:10:24.845Z"
        },
        {
            "target": "MCD_CLIP_UNIV2UNIETH_A",
            "source": "MCD_PAUSE_PROXY",
            "label": "ward",
            "timestamp": "2024-11-09T14:12:29.851Z"
        },
        {
            "target": "MCD_CLIP_UNIV2UNIETH_A",
            "source": "MCD_DOG",
            "label": "ward",
            "timestamp": "2024-11-09T14:12:29.851Z"
        },
        {
            "target": "MCD_CLIP_UNIV2UNIETH_A",
            "source": "CLIPPER_MOM",
            "label": "ward",
            "timestamp": "2024-11-09T14:12:29.851Z"
        },
        {
            "target": "MCD_CLIP_UNIV2UNIETH_A",
            "source": "MCD_ESM",
            "label": "ward",
            "timestamp": "2024-11-09T14:12:29.851Z"
        },
        {
            "target": "MCD_CLIP_UNIV2UNIETH_A",
            "source": "MCD_END",
            "label": "ward",
            "timestamp": "2024-11-09T14:12:29.851Z"
        },
        {
            "target": "MCD_CLIP_UNIV2AAVEETH_A",
            "source": "MCD_PAUSE_PROXY",
            "label": "ward",
            "timestamp": "2024-11-09T14:14:31.183Z"
        },
        {
            "target": "MCD_CLIP_UNIV2AAVEETH_A",
            "source": "MCD_DOG",
            "label": "ward",
            "timestamp": "2024-11-09T14:14:31.183Z"
        },
        {
            "target": "MCD_CLIP_UNIV2AAVEETH_A",
            "source": "CLIPPER_MOM",
            "label": "ward",
            "timestamp": "2024-11-09T14:14:31.183Z"
        },
        {
            "target": "MCD_CLIP_UNIV2AAVEETH_A",
            "source": "MCD_ESM",
            "label": "ward",
            "timestamp": "2024-11-09T14:14:31.183Z"
        },
        {
            "target": "MCD_CLIP_UNIV2AAVEETH_A",
            "source": "MCD_END",
            "label": "ward",
            "timestamp": "2024-11-09T14:14:31.183Z"
        },
        {
            "target": "MCD_CLIP_UNIV2DAIUSDT_A",
            "source": "MCD_PAUSE_PROXY",
            "label": "ward",
            "timestamp": "2024-11-09T14:16:34.063Z"
        },
        {
            "target": "MCD_CLIP_UNIV2DAIUSDT_A",
            "source": "MCD_DOG",
            "label": "ward",
            "timestamp": "2024-11-09T14:16:34.063Z"
        },
        {
            "target": "MCD_CLIP_UNIV2DAIUSDT_A",
            "source": "CLIPPER_MOM",
            "label": "ward",
            "timestamp": "2024-11-09T14:16:34.063Z"
        },
        {
            "target": "MCD_CLIP_UNIV2DAIUSDT_A",
            "source": "MCD_ESM",
            "label": "ward",
            "timestamp": "2024-11-09T14:16:34.063Z"
        },
        {
            "target": "MCD_CLIP_UNIV2DAIUSDT_A",
            "source": "MCD_END",
            "label": "ward",
            "timestamp": "2024-11-09T14:16:34.063Z"
        },
        {
            "target": "MCD_CLIP_USDC_A",
            "source": "MCD_PAUSE_PROXY",
            "label": "ward",
            "timestamp": "2024-11-09T14:18:38.037Z"
        },
        {
            "target": "MCD_CLIP_USDC_A",
            "source": "MCD_DOG",
            "label": "ward",
            "timestamp": "2024-11-09T14:18:38.037Z"
        },
        {
            "target": "MCD_CLIP_USDC_A",
            "source": "MCD_ESM",
            "label": "ward",
            "timestamp": "2024-11-09T14:18:38.037Z"
        },
        {
            "target": "MCD_CLIP_USDC_A",
            "source": "MCD_END",
            "label": "ward",
            "timestamp": "2024-11-09T14:18:38.037Z"
        },
        {
            "target": "MCD_CLIP_USDC_A",
            "source": "CLIPPER_MOM",
            "label": "ward",
            "timestamp": "2024-11-09T14:18:38.037Z"
        },
        {
            "target": "MCD_CLIP_USDC_B",
            "source": "MCD_PAUSE_PROXY",
            "label": "ward",
            "timestamp": "2024-11-09T14:20:39.887Z"
        },
        {
            "target": "MCD_CLIP_USDC_B",
            "source": "MCD_DOG",
            "label": "ward",
            "timestamp": "2024-11-09T14:20:39.887Z"
        },
        {
            "target": "MCD_CLIP_USDC_B",
            "source": "MCD_ESM",
            "label": "ward",
            "timestamp": "2024-11-09T14:20:39.887Z"
        },
        {
            "target": "MCD_CLIP_USDC_B",
            "source": "MCD_END",
            "label": "ward",
            "timestamp": "2024-11-09T14:20:39.887Z"
        },
        {
            "target": "MCD_CLIP_TUSD_A",
            "source": "MCD_PAUSE_PROXY",
            "label": "ward",
            "timestamp": "2024-11-09T14:22:40.585Z"
        },
        {
            "target": "MCD_CLIP_TUSD_A",
            "source": "MCD_DOG",
            "label": "ward",
            "timestamp": "2024-11-09T14:22:40.585Z"
        },
        {
            "target": "MCD_CLIP_TUSD_A",
            "source": "MCD_ESM",
            "label": "ward",
            "timestamp": "2024-11-09T14:22:40.585Z"
        },
        {
            "target": "MCD_CLIP_TUSD_A",
            "source": "CLIPPER_MOM",
            "label": "ward",
            "timestamp": "2024-11-09T14:22:40.585Z"
        },
        {
            "target": "MCD_CLIP_TUSD_A",
            "source": "MCD_END",
            "label": "ward",
            "timestamp": "2024-11-09T14:22:40.585Z"
        },
        {
            "target": "MCD_CLIP_USDT_A",
            "source": "MCD_PAUSE_PROXY",
            "label": "ward",
            "timestamp": "2024-11-09T14:24:44.264Z"
        },
        {
            "target": "MCD_CLIP_USDT_A",
            "source": "MCD_DOG",
            "label": "ward",
            "timestamp": "2024-11-09T14:24:44.264Z"
        },
        {
            "target": "MCD_CLIP_USDT_A",
            "source": "CLIPPER_MOM",
            "label": "ward",
            "timestamp": "2024-11-09T14:24:44.264Z"
        },
        {
            "target": "MCD_CLIP_USDT_A",
            "source": "MCD_ESM",
            "label": "ward",
            "timestamp": "2024-11-09T14:24:44.264Z"
        },
        {
            "target": "MCD_CLIP_USDT_A",
            "source": "MCD_END",
            "label": "ward",
            "timestamp": "2024-11-09T14:24:44.264Z"
        },
        {
            "target": "MCD_CLIP_PAXUSD_A",
            "source": "MCD_PAUSE_PROXY",
            "label": "ward",
            "timestamp": "2024-11-09T14:26:44.272Z"
        },
        {
            "target": "MCD_CLIP_PAXUSD_A",
            "source": "MCD_DOG",
            "label": "ward",
            "timestamp": "2024-11-09T14:26:44.272Z"
        },
        {
            "target": "MCD_CLIP_PAXUSD_A",
            "source": "MCD_ESM",
            "label": "ward",
            "timestamp": "2024-11-09T14:26:44.272Z"
        },
        {
            "target": "MCD_CLIP_PAXUSD_A",
            "source": "MCD_END",
            "label": "ward",
            "timestamp": "2024-11-09T14:26:44.272Z"
        },
        {
            "target": "MCD_CLIP_PAXUSD_A",
            "source": "CLIPPER_MOM",
            "label": "ward",
            "timestamp": "2024-11-09T14:26:44.272Z"
        },
        {
            "target": "MCD_CLIP_GUSD_A",
            "source": "MCD_PAUSE_PROXY",
            "label": "ward",
            "timestamp": "2024-11-09T14:28:42.741Z"
        },
        {
            "target": "MCD_CLIP_GUSD_A",
            "source": "MCD_DOG",
            "label": "ward",
            "timestamp": "2024-11-09T14:28:42.741Z"
        },
        {
            "target": "MCD_CLIP_GUSD_A",
            "source": "MCD_ESM",
            "label": "ward",
            "timestamp": "2024-11-09T14:28:42.741Z"
        },
        {
            "target": "MCD_CLIP_GUSD_A",
            "source": "MCD_END",
            "label": "ward",
            "timestamp": "2024-11-09T14:28:42.741Z"
        },
        {
            "target": "MCD_CLIP_GUSD_A",
            "source": "CLIPPER_MOM",
            "label": "ward",
            "timestamp": "2024-11-09T14:28:42.741Z"
        },
        {
            "target": "MCD_CLIP_PSM_USDC_A",
            "source": "MCD_PAUSE_PROXY",
            "label": "ward",
            "timestamp": "2024-11-09T14:30:48.648Z"
        },
        {
            "target": "MCD_CLIP_PSM_USDC_A",
            "source": "MCD_DOG",
            "label": "ward",
            "timestamp": "2024-11-09T14:30:48.648Z"
        },
        {
            "target": "MCD_CLIP_PSM_USDC_A",
            "source": "MCD_ESM",
            "label": "ward",
            "timestamp": "2024-11-09T14:30:48.648Z"
        },
        {
            "target": "MCD_CLIP_PSM_USDC_A",
            "source": "MCD_END",
            "label": "ward",
            "timestamp": "2024-11-09T14:30:48.648Z"
        },
        {
            "target": "MCD_CLIP_UNIV2DAIUSDC_A",
            "source": "MCD_PAUSE_PROXY",
            "label": "ward",
            "timestamp": "2024-11-09T14:32:51.244Z"
        },
        {
            "target": "MCD_CLIP_UNIV2DAIUSDC_A",
            "source": "MCD_DOG",
            "label": "ward",
            "timestamp": "2024-11-09T14:32:51.244Z"
        },
        {
            "target": "MCD_CLIP_UNIV2DAIUSDC_A",
            "source": "MCD_ESM",
            "label": "ward",
            "timestamp": "2024-11-09T14:32:51.244Z"
        },
        {
            "target": "MCD_CLIP_UNIV2DAIUSDC_A",
            "source": "MCD_END",
            "label": "ward",
            "timestamp": "2024-11-09T14:32:51.244Z"
        },
        {
            "target": "MCD_CLIP_PSM_PAX_A",
            "source": "MCD_PAUSE_PROXY",
            "label": "ward",
            "timestamp": "2024-11-09T14:34:56.708Z"
        },
        {
            "target": "MCD_CLIP_PSM_PAX_A",
            "source": "MCD_DOG",
            "label": "ward",
            "timestamp": "2024-11-09T14:34:56.708Z"
        },
        {
            "target": "MCD_CLIP_PSM_PAX_A",
            "source": "MCD_ESM",
            "label": "ward",
            "timestamp": "2024-11-09T14:34:56.708Z"
        },
        {
            "target": "MCD_CLIP_PSM_PAX_A",
            "source": "MCD_END",
            "label": "ward",
            "timestamp": "2024-11-09T14:34:56.708Z"
        },
        {
            "target": "MCD_CLIP_MATIC_A",
            "source": "MCD_PAUSE_PROXY",
            "label": "ward",
            "timestamp": "2024-11-09T14:37:01.584Z"
        },
        {
            "target": "MCD_CLIP_MATIC_A",
            "source": "MCD_DOG",
            "label": "ward",
            "timestamp": "2024-11-09T14:37:01.584Z"
        },
        {
            "target": "MCD_CLIP_MATIC_A",
            "source": "CLIPPER_MOM",
            "label": "ward",
            "timestamp": "2024-11-09T14:37:01.584Z"
        },
        {
            "target": "MCD_CLIP_MATIC_A",
            "source": "MCD_ESM",
            "label": "ward",
            "timestamp": "2024-11-09T14:37:01.584Z"
        },
        {
            "target": "MCD_CLIP_MATIC_A",
            "source": "MCD_END",
            "label": "ward",
            "timestamp": "2024-11-09T14:37:01.584Z"
        },
        {
            "target": "MCD_CLIP_GUNIV3DAIUSDC1_A",
            "source": "MCD_PAUSE_PROXY",
            "label": "ward",
            "timestamp": "2024-11-09T14:39:05.494Z"
        },
        {
            "target": "MCD_CLIP_GUNIV3DAIUSDC1_A",
            "source": "MCD_DOG",
            "label": "ward",
            "timestamp": "2024-11-09T14:39:05.494Z"
        },
        {
            "target": "MCD_CLIP_GUNIV3DAIUSDC1_A",
            "source": "MCD_ESM",
            "label": "ward",
            "timestamp": "2024-11-09T14:39:05.494Z"
        },
        {
            "target": "MCD_CLIP_GUNIV3DAIUSDC1_A",
            "source": "MCD_END",
            "label": "ward",
            "timestamp": "2024-11-09T14:39:05.494Z"
        },
        {
            "target": "MCD_CLIP_WSTETH_A",
            "source": "MCD_PAUSE_PROXY",
            "label": "ward",
            "timestamp": "2024-11-09T14:41:07.650Z"
        },
        {
            "target": "MCD_CLIP_WSTETH_A",
            "source": "MCD_DOG",
            "label": "ward",
            "timestamp": "2024-11-09T14:41:07.650Z"
        },
        {
            "target": "MCD_CLIP_WSTETH_A",
            "source": "CLIPPER_MOM",
            "label": "ward",
            "timestamp": "2024-11-09T14:41:07.650Z"
        },
        {
            "target": "MCD_CLIP_WSTETH_A",
            "source": "MCD_ESM",
            "label": "ward",
            "timestamp": "2024-11-09T14:41:07.650Z"
        },
        {
            "target": "MCD_CLIP_WSTETH_A",
            "source": "MCD_END",
            "label": "ward",
            "timestamp": "2024-11-09T14:41:07.650Z"
        },
        {
            "target": "MCD_CLIP_WBTC_B",
            "source": "MCD_PAUSE_PROXY",
            "label": "ward",
            "timestamp": "2024-11-09T14:43:07.260Z"
        },
        {
            "target": "MCD_CLIP_WBTC_B",
            "source": "MCD_DOG",
            "label": "ward",
            "timestamp": "2024-11-09T14:43:07.260Z"
        },
        {
            "target": "MCD_CLIP_WBTC_B",
            "source": "CLIPPER_MOM",
            "label": "ward",
            "timestamp": "2024-11-09T14:43:07.260Z"
        },
        {
            "target": "MCD_CLIP_WBTC_B",
            "source": "MCD_ESM",
            "label": "ward",
            "timestamp": "2024-11-09T14:43:07.260Z"
        },
        {
            "target": "MCD_CLIP_WBTC_B",
            "source": "MCD_END",
            "label": "ward",
            "timestamp": "2024-11-09T14:43:07.260Z"
        },
        {
            "target": "MCD_CLIP_WBTC_C",
            "source": "MCD_PAUSE_PROXY",
            "label": "ward",
            "timestamp": "2024-11-09T14:45:13.423Z"
        },
        {
            "target": "MCD_CLIP_WBTC_C",
            "source": "MCD_DOG",
            "label": "ward",
            "timestamp": "2024-11-09T14:45:13.423Z"
        },
        {
            "target": "MCD_CLIP_WBTC_C",
            "source": "CLIPPER_MOM",
            "label": "ward",
            "timestamp": "2024-11-09T14:45:13.423Z"
        },
        {
            "target": "MCD_CLIP_WBTC_C",
            "source": "MCD_ESM",
            "label": "ward",
            "timestamp": "2024-11-09T14:45:13.423Z"
        },
        {
            "target": "MCD_CLIP_WBTC_C",
            "source": "MCD_END",
            "label": "ward",
            "timestamp": "2024-11-09T14:45:13.423Z"
        },
        {
            "target": "MCD_CLIP_PSM_GUSD_A",
            "source": "MCD_PAUSE_PROXY",
            "label": "ward",
            "timestamp": "2024-11-09T14:47:12.960Z"
        },
        {
            "target": "MCD_CLIP_PSM_GUSD_A",
            "source": "MCD_DOG",
            "label": "ward",
            "timestamp": "2024-11-09T14:47:12.960Z"
        },
        {
            "target": "MCD_CLIP_PSM_GUSD_A",
            "source": "MCD_ESM",
            "label": "ward",
            "timestamp": "2024-11-09T14:47:12.960Z"
        },
        {
            "target": "MCD_CLIP_PSM_GUSD_A",
            "source": "MCD_END",
            "label": "ward",
            "timestamp": "2024-11-09T14:47:12.960Z"
        },
        {
            "target": "MCD_CLIP_GUNIV3DAIUSDC2_A",
            "source": "MCD_PAUSE_PROXY",
            "label": "ward",
            "timestamp": "2024-11-09T14:49:16.464Z"
        },
        {
            "target": "MCD_CLIP_GUNIV3DAIUSDC2_A",
            "source": "MCD_DOG",
            "label": "ward",
            "timestamp": "2024-11-09T14:49:16.464Z"
        },
        {
            "target": "MCD_CLIP_GUNIV3DAIUSDC2_A",
            "source": "MCD_ESM",
            "label": "ward",
            "timestamp": "2024-11-09T14:49:16.464Z"
        },
        {
            "target": "MCD_CLIP_GUNIV3DAIUSDC2_A",
            "source": "MCD_END",
            "label": "ward",
            "timestamp": "2024-11-09T14:49:16.464Z"
        },
        {
            "target": "MCD_CLIP_CRVV1ETHSTETH_A",
            "source": "MCD_PAUSE_PROXY",
            "label": "ward",
            "timestamp": "2024-11-09T14:51:17.204Z"
        },
        {
            "target": "MCD_CLIP_CRVV1ETHSTETH_A",
            "source": "MCD_DOG",
            "label": "ward",
            "timestamp": "2024-11-09T14:51:17.204Z"
        },
        {
            "target": "MCD_CLIP_CRVV1ETHSTETH_A",
            "source": "MCD_ESM",
            "label": "ward",
            "timestamp": "2024-11-09T14:51:17.204Z"
        },
        {
            "target": "MCD_CLIP_CRVV1ETHSTETH_A",
            "source": "CLIPPER_MOM",
            "label": "ward",
            "timestamp": "2024-11-09T14:51:17.204Z"
        },
        {
            "target": "MCD_CLIP_CRVV1ETHSTETH_A",
            "source": "MCD_END",
            "label": "ward",
            "timestamp": "2024-11-09T14:51:17.204Z"
        },
        {
            "target": "MCD_CLIP_WSTETH_B",
            "source": "MCD_PAUSE_PROXY",
            "label": "ward",
            "timestamp": "2024-11-09T14:53:15.377Z"
        },
        {
            "target": "MCD_CLIP_WSTETH_B",
            "source": "MCD_DOG",
            "label": "ward",
            "timestamp": "2024-11-09T14:53:15.377Z"
        },
        {
            "target": "MCD_CLIP_WSTETH_B",
            "source": "MCD_ESM",
            "label": "ward",
            "timestamp": "2024-11-09T14:53:15.377Z"
        },
        {
            "target": "MCD_CLIP_WSTETH_B",
            "source": "CLIPPER_MOM",
            "label": "ward",
            "timestamp": "2024-11-09T14:53:15.377Z"
        },
        {
            "target": "MCD_CLIP_WSTETH_B",
            "source": "MCD_END",
            "label": "ward",
            "timestamp": "2024-11-09T14:53:15.377Z"
        },
        {
            "target": "MCD_CLIP_RETH_A",
            "source": "MCD_PAUSE_PROXY",
            "label": "ward",
            "timestamp": "2024-11-09T14:55:20.054Z"
        },
        {
            "target": "MCD_CLIP_RETH_A",
            "source": "MCD_DOG",
            "label": "ward",
            "timestamp": "2024-11-09T14:55:20.054Z"
        },
        {
            "target": "MCD_CLIP_RETH_A",
            "source": "MCD_END",
            "label": "ward",
            "timestamp": "2024-11-09T14:55:20.054Z"
        },
        {
            "target": "MCD_CLIP_RETH_A",
            "source": "MCD_ESM",
            "label": "ward",
            "timestamp": "2024-11-09T14:55:20.054Z"
        },
        {
            "target": "MCD_CLIP_RETH_A",
            "source": "CLIPPER_MOM",
            "label": "ward",
            "timestamp": "2024-11-09T14:55:20.054Z"
        },
        {
            "target": "MCD_CLIP_GNO_A",
            "source": "MCD_PAUSE_PROXY",
            "label": "ward",
            "timestamp": "2024-11-09T14:57:21.929Z"
        },
        {
            "target": "MCD_CLIP_GNO_A",
            "source": "MCD_DOG",
            "label": "ward",
            "timestamp": "2024-11-09T14:57:21.929Z"
        },
        {
            "target": "MCD_CLIP_GNO_A",
            "source": "MCD_END",
            "label": "ward",
            "timestamp": "2024-11-09T14:57:21.929Z"
        },
        {
            "target": "MCD_CLIP_GNO_A",
            "source": "MCD_ESM",
            "label": "ward",
            "timestamp": "2024-11-09T14:57:21.929Z"
        },
        {
            "target": "MCD_CLIP_GNO_A",
            "source": "CLIPPER_MOM",
            "label": "ward",
            "timestamp": "2024-11-09T14:57:21.929Z"
        }
    ],
    "nodes": [
        {
            "id": "MCD_PAUSE_PROXY"
        },
        {
            "id": "PIP_COMP"
        },
        {
            "id": "MCD_PAUSE"
        },
        {
            "id": "OSM_MOM"
        },
        {
            "id": "MCD_SPOT"
        },
        {
            "id": "0xD5885fbCb9a8a8244746010a3BC6F1C6e0269777"
        },
        {
            "id": "MCD_CLIP_COMP_A"
        },
        {
            "id": "CLIPPER_MOM"
        },
        {
            "id": "0x4e9452CD5ba694de87ea1d791aBfdc4a250800f4"
        },
        {
            "id": "MCD_END"
        },
        {
            "id": "0x208266c96F9A4e61856EFe2417eaB3b9EF59B22f"
        },
        {
            "id": "MCD_ADM"
        },
        {
            "id": "0x2d3c90e3a9d216b353f555a73E1C70684D6032ad"
        },
        {
            "id": "0x335E4c29Cf5C87c9ea8b7d9263e41918739D1E46"
        },
        {
            "id": "MCD_DOG"
        },
        {
            "id": "MCD_ESM"
        },
        {
            "id": "MCD_CLIP_LINK_A"
        },
        {
            "id": "MCD_CLIP_YFI_A"
        },
        {
            "id": "MCD_CLIP_ETH_A"
        },
        {
            "id": "MCD_CLIP_ETH_B"
        },
        {
            "id": "MCD_CLIP_ETH_C"
        },
        {
            "id": "MCD_CLIP_WBTC_A"
        },
        {
            "id": "MCD_CLIP_BAT_A"
        },
        {
            "id": "MCD_CLIP_ZRX_A"
        },
        {
            "id": "MCD_CLIP_KNC_A"
        },
        {
            "id": "MCD_CLIP_MANA_A"
        },
        {
            "id": "MCD_CLIP_LRC_A"
        },
        {
            "id": "MCD_CLIP_BAL_A"
        },
        {
            "id": "MCD_CLIP_UNI_A"
        },
        {
            "id": "MCD_CLIP_RENBTC_A"
        },
        {
            "id": "MCD_CLIP_AAVE_A"
        },
        {
            "id": "MCD_CLIP_UNIV2DAIETH_A"
        },
        {
            "id": "MCD_CLIP_UNIV2USDCETH_A"
        },
        {
            "id": "MCD_CLIP_UNIV2ETHUSDT_A"
        },
        {
            "id": "MCD_CLIP_UNIV2WBTCDAI_A"
        },
        {
            "id": "MCD_CLIP_UNIV2WBTCETH_A"
        },
        {
            "id": "MCD_CLIP_UNIV2LINKETH_A"
        },
        {
            "id": "MCD_CLIP_UNIV2UNIETH_A"
        },
        {
            "id": "MCD_CLIP_UNIV2AAVEETH_A"
        },
        {
            "id": "MCD_CLIP_UNIV2DAIUSDT_A"
        },
        {
            "id": "MCD_CLIP_USDC_A"
        },
        {
            "id": "MCD_CLIP_USDC_B"
        },
        {
            "id": "MCD_CLIP_TUSD_A"
        },
        {
            "id": "MCD_CLIP_USDT_A"
        },
        {
            "id": "MCD_CLIP_PAXUSD_A"
        },
        {
            "id": "MCD_CLIP_GUSD_A"
        },
        {
            "id": "MCD_CLIP_PSM_USDC_A"
        },
        {
            "id": "MCD_CLIP_UNIV2DAIUSDC_A"
        },
        {
            "id": "MCD_CLIP_PSM_PAX_A"
        },
        {
            "id": "MCD_CLIP_MATIC_A"
        },
        {
            "id": "MCD_CLIP_GUNIV3DAIUSDC1_A"
        },
        {
            "id": "MCD_CLIP_WSTETH_A"
        },
        {
            "id": "MCD_CLIP_WBTC_B"
        },
        {
            "id": "MCD_CLIP_WBTC_C"
        },
        {
            "id": "MCD_CLIP_PSM_GUSD_A"
        },
        {
            "id": "MCD_CLIP_GUNIV3DAIUSDC2_A"
        },
        {
            "id": "MCD_CLIP_CRVV1ETHSTETH_A"
        },
        {
            "id": "MCD_CLIP_WSTETH_B"
        },
        {
            "id": "MCD_CLIP_RETH_A"
        },
        {
            "id": "MCD_CLIP_GNO_A"
        },
        {
            "id": "PIP_COMP_SRC"
        }
    ]
}