{
    "links": [
        {
            "target": "0x5a464C28D19848f44199D003BeF5ecc87d090F87",
            "source": "PAUSE_PROXY",
            "label": "ward"
        },
        {
            "target": "PAUSE_PROXY",
            "source": "PAUSE",
            "label": "owner"
        },
        {
            "target": "PAUSE",
            "source": "ADM",
            "label": "authority"
        },
        {
            "target": "ADM",
            "source": "ADM",
            "label": "authority"
        }
    ],
    "nodes": [
        {
            "id": "PAUSE_PROXY"
        },
        {
            "id": "PAUSE"
        },
        {
            "id": "ADM"
        },
        {
            "id": "0x5a464C28D19848f44199D003BeF5ecc87d090F87"
        }
    ]
}