{
    "links": [
        {
            "target": "0x79FBDF16b366DFb14F66cE4Ac2815Ca7296405A0",
            "source": "PAUSE_PROXY",
            "label": "owner"
        },
        {
            "target": "PAUSE_PROXY",
            "source": "PAUSE",
            "label": "owner"
        },
        {
            "target": "PAUSE",
            "source": "ADM",
            "label": "authority"
        },
        {
            "target": "ADM",
            "source": "ADM",
            "label": "authority"
        }
    ],
    "nodes": [
        {
            "id": "PAUSE_PROXY"
        },
        {
            "id": "PAUSE"
        },
        {
            "id": "ADM"
        },
        {
            "id": "0x79FBDF16b366DFb14F66cE4Ac2815Ca7296405A0"
        }
    ]
}