{
    "links": [
        {
            "target": "0x7B1696677107E48B152e9Bf400293e98B7D86Eb1",
            "source": "PAUSE_PROXY",
            "label": "ward"
        },
        {
            "target": "PAUSE_PROXY",
            "source": "PAUSE",
            "label": "owner"
        },
        {
            "target": "PAUSE",
            "source": "ADM",
            "label": "authority"
        },
        {
            "target": "ADM",
            "source": "ADM",
            "label": "authority"
        }
    ],
    "nodes": [
        {
            "id": "PAUSE_PROXY"
        },
        {
            "id": "PAUSE"
        },
        {
            "id": "ADM"
        },
        {
            "id": "0x7B1696677107E48B152e9Bf400293e98B7D86Eb1"
        }
    ]
}