{
    "links": [
        {
            "target": "0x9daCc11dcD0aa13386D295eAeeBBd38130897E6f",
            "source": "MCD_PAUSE_PROXY",
            "label": "ward"
        },
        {
            "target": "MCD_PAUSE_PROXY",
            "source": "MCD_PAUSE",
            "label": "owner"
        },
        {
            "target": "MCD_PAUSE",
            "source": "MCD_ADM",
            "label": "authority"
        },
        {
            "target": "MCD_ADM",
            "source": "MCD_ADM",
            "label": "authority"
        }
    ],
    "nodes": [
        {
            "id": "MCD_PAUSE_PROXY"
        },
        {
            "id": "MCD_PAUSE"
        },
        {
            "id": "MCD_ADM"
        },
        {
            "id": "0x9daCc11dcD0aa13386D295eAeeBBd38130897E6f"
        }
    ]
}