{
    "links": [
        {
            "target": "0xa1cB9e29f1727d8a0a6E3e0c1334A2323312A2d5",
            "source": "0xDA0FaB0700A4389F6E6679aBAb1692B4601ce9bf",
            "label": "ward"
        },
        {
            "target": "0xa1cB9e29f1727d8a0a6E3e0c1334A2323312A2d5",
            "source": "PAUSE_PROXY",
            "label": "ward"
        },
        {
            "target": "0xDA0FaB0700A4389F6E6679aBAb1692B4601ce9bf",
            "source": "user",
            "label": "eoa"
        },
        {
            "target": "PAUSE_PROXY",
            "source": "PAUSE",
            "label": "owner"
        },
        {
            "target": "PAUSE",
            "source": "ADM",
            "label": "authority"
        },
        {
            "target": "ADM",
            "source": "ADM",
            "label": "authority"
        }
    ],
    "nodes": [
        {
            "id": "0xDA0FaB0700A4389F6E6679aBAb1692B4601ce9bf"
        },
        {
            "id": "PAUSE_PROXY"
        },
        {
            "id": "user"
        },
        {
            "id": "PAUSE"
        },
        {
            "id": "ADM"
        },
        {
            "id": "0xa1cB9e29f1727d8a0a6E3e0c1334A2323312A2d5"
        }
    ]
}