{
    "links": [
        {
            "target": "0xa8AfB2680cced6de0E1dfe5C35F0FEdFB8E95720",
            "source": "MCD_PAUSE_PROXY",
            "label": "ward"
        },
        {
            "target": "MCD_PAUSE_PROXY",
            "source": "MCD_PAUSE",
            "label": "owner"
        },
        {
            "target": "MCD_PAUSE",
            "source": "MCD_ADM",
            "label": "authority"
        },
        {
            "target": "MCD_ADM",
            "source": "MCD_ADM",
            "label": "authority"
        }
    ],
    "nodes": [
        {
            "id": "MCD_PAUSE_PROXY"
        },
        {
            "id": "MCD_PAUSE"
        },
        {
            "id": "MCD_ADM"
        },
        {
            "id": "0xa8AfB2680cced6de0E1dfe5C35F0FEdFB8E95720"
        }
    ]
}