{
    "links": [
        {
            "target": "0xBB856d1742fD182a90239D7AE85706C2FE4e5922",
            "source": "PAUSE_PROXY",
            "label": "ward"
        },
        {
            "target": "PAUSE_PROXY",
            "source": "PAUSE",
            "label": "owner"
        },
        {
            "target": "PAUSE",
            "source": "ADM",
            "label": "authority"
        },
        {
            "target": "ADM",
            "source": "ADM",
            "label": "authority"
        }
    ],
    "nodes": [
        {
            "id": "PAUSE_PROXY"
        },
        {
            "id": "PAUSE"
        },
        {
            "id": "ADM"
        },
        {
            "id": "0xBB856d1742fD182a90239D7AE85706C2FE4e5922"
        }
    ]
}