{
    "links": [
        {
            "target": "MCD_FLAP",
            "source": "MCD_PAUSE_PROXY",
            "label": "ward"
        },
        {
            "target": "MCD_FLAP",
            "source": "MCD_VOW",
            "label": "ward"
        },
        {
            "target": "MCD_PAUSE_PROXY",
            "source": "MCD_PAUSE",
            "label": "owner"
        },
        {
            "target": "MCD_VOW",
            "source": "MCD_PAUSE_PROXY",
            "label": "ward"
        },
        {
            "target": "MCD_VOW",
            "source": "MCD_CAT",
            "label": "ward"
        },
        {
            "target": "MCD_VOW",
            "source": "MCD_END",
            "label": "ward"
        },
        {
            "target": "MCD_VOW",
            "source": "MCD_DOG",
            "label": "ward"
        },
        {
            "target": "MCD_VOW",
            "source": "0x989C0BDa008E257d5a5133575dc77e039A2e3758",
            "label": "ward"
        },
        {
            "target": "MCD_PAUSE",
            "source": "MCD_ADM",
            "label": "authority"
        },
        {
            "target": "MCD_CAT",
            "source": "MCD_PAUSE_PROXY",
            "label": "ward"
        },
        {
            "target": "MCD_CAT",
            "source": "0xF32836B9E1f47a0515c6Ec431592D5EbC276407f",
            "label": "ward"
        },
        {
            "target": "MCD_CAT",
            "source": "MCD_FLIP_BAT_A",
            "label": "ward"
        },
        {
            "target": "MCD_CAT",
            "source": "MCD_FLIP_USDC_A",
            "label": "ward"
        },
        {
            "target": "MCD_CAT",
            "source": "MCD_FLIP_USDC_B",
            "label": "ward"
        },
        {
            "target": "MCD_CAT",
            "source": "0x58CD24ac7322890382eE45A3E4F903a5B22Ee930",
            "label": "ward"
        },
        {
            "target": "MCD_CAT",
            "source": "MCD_FLIP_TUSD_A",
            "label": "ward"
        },
        {
            "target": "MCD_CAT",
            "source": "MCD_FLIP_ZRX_A",
            "label": "ward"
        },
        {
            "target": "MCD_CAT",
            "source": "MCD_FLIP_KNC_A",
            "label": "ward"
        },
        {
            "target": "MCD_CAT",
            "source": "MCD_FLIP_MANA_A",
            "label": "ward"
        },
        {
            "target": "MCD_CAT",
            "source": "MCD_FLIP_USDT_A",
            "label": "ward"
        },
        {
            "target": "MCD_CAT",
            "source": "MCD_FLIP_PAXUSD_A",
            "label": "ward"
        },
        {
            "target": "MCD_CAT",
            "source": "MCD_FLIP_COMP_A",
            "label": "ward"
        },
        {
            "target": "MCD_CAT",
            "source": "MCD_FLIP_LRC_A",
            "label": "ward"
        },
        {
            "target": "MCD_CAT",
            "source": "0xB907EEdD63a30A3381E6D898e5815Ee8c9fd2c85",
            "label": "ward"
        },
        {
            "target": "MCD_CAT",
            "source": "0xD499d71bE9e9E5D236A07ac562F7B6CeacCa624c",
            "label": "ward"
        },
        {
            "target": "MCD_CAT",
            "source": "MCD_FLIP_BAL_A",
            "label": "ward"
        },
        {
            "target": "MCD_CAT",
            "source": "0xEe4C9C36257afB8098059a4763A374a4ECFE28A7",
            "label": "ward"
        },
        {
            "target": "MCD_CAT",
            "source": "MCD_FLIP_GUSD_A",
            "label": "ward"
        },
        {
            "target": "MCD_CAT",
            "source": "MCD_FLIP_UNI_A",
            "label": "ward"
        },
        {
            "target": "MCD_CAT",
            "source": "MCD_FLIP_RENBTC_A",
            "label": "ward"
        },
        {
            "target": "MCD_CAT",
            "source": "MCD_FLIP_AAVE_A",
            "label": "ward"
        },
        {
            "target": "MCD_CAT",
            "source": "MCD_FLIP_UNIV2DAIETH_A",
            "label": "ward"
        },
        {
            "target": "MCD_CAT",
            "source": "MCD_FLIP_PSM_USDC_A",
            "label": "ward"
        },
        {
            "target": "MCD_CAT",
            "source": "MCD_FLIP_UNIV2WBTCETH_A",
            "label": "ward"
        },
        {
            "target": "MCD_CAT",
            "source": "MCD_FLIP_UNIV2USDCETH_A",
            "label": "ward"
        },
        {
            "target": "MCD_CAT",
            "source": "MCD_FLIP_UNIV2DAIUSDC_A",
            "label": "ward"
        },
        {
            "target": "MCD_CAT",
            "source": "MCD_FLIP_UNIV2ETHUSDT_A",
            "label": "ward"
        },
        {
            "target": "MCD_CAT",
            "source": "MCD_FLIP_UNIV2LINKETH_A",
            "label": "ward"
        },
        {
            "target": "MCD_CAT",
            "source": "MCD_FLIP_UNIV2UNIETH_A",
            "label": "ward"
        },
        {
            "target": "MCD_CAT",
            "source": "MCD_FLIP_UNIV2WBTCDAI_A",
            "label": "ward"
        },
        {
            "target": "MCD_CAT",
            "source": "MCD_FLIP_UNIV2AAVEETH_A",
            "label": "ward"
        },
        {
            "target": "MCD_CAT",
            "source": "MCD_FLIP_UNIV2DAIUSDT_A",
            "label": "ward"
        },
        {
            "target": "MCD_CAT",
            "source": "0x7A67901A68243241EBf66beEB0e7b5395582BF17",
            "label": "ward"
        },
        {
            "target": "MCD_CAT",
            "source": "MCD_END",
            "label": "ward"
        },
        {
            "target": "MCD_END",
            "source": "MCD_PAUSE_PROXY",
            "label": "ward"
        },
        {
            "target": "MCD_END",
            "source": "MCD_ESM",
            "label": "ward"
        },
        {
            "target": "MCD_DOG",
            "source": "MCD_PAUSE_PROXY",
            "label": "ward"
        },
        {
            "target": "MCD_DOG",
            "source": "MCD_END",
            "label": "ward"
        },
        {
            "target": "MCD_DOG",
            "source": "MCD_CLIP_LINK_A",
            "label": "ward"
        },
        {
            "target": "MCD_DOG",
            "source": "MCD_CLIP_YFI_A",
            "label": "ward"
        },
        {
            "target": "MCD_DOG",
            "source": "MCD_CLIP_ETH_A",
            "label": "ward"
        },
        {
            "target": "MCD_DOG",
            "source": "MCD_CLIP_ETH_B",
            "label": "ward"
        },
        {
            "target": "MCD_DOG",
            "source": "MCD_CLIP_ETH_C",
            "label": "ward"
        },
        {
            "target": "MCD_DOG",
            "source": "MCD_CLIP_WBTC_A",
            "label": "ward"
        },
        {
            "target": "MCD_ADM",
            "source": "MCD_ADM",
            "label": "authority"
        },
        {
            "target": "0xF32836B9E1f47a0515c6Ec431592D5EbC276407f",
            "source": "MCD_PAUSE_PROXY",
            "label": "ward"
        },
        {
            "target": "0xF32836B9E1f47a0515c6Ec431592D5EbC276407f",
            "source": "MCD_END",
            "label": "ward"
        },
        {
            "target": "0xF32836B9E1f47a0515c6Ec431592D5EbC276407f",
            "source": "MCD_ESM",
            "label": "ward"
        },
        {
            "target": "MCD_FLIP_BAT_A",
            "source": "MCD_PAUSE_PROXY",
            "label": "ward"
        },
        {
            "target": "MCD_FLIP_BAT_A",
            "source": "MCD_CAT",
            "label": "ward"
        },
        {
            "target": "MCD_FLIP_BAT_A",
            "source": "FLIPPER_MOM",
            "label": "ward"
        },
        {
            "target": "MCD_FLIP_BAT_A",
            "source": "MCD_END",
            "label": "ward"
        },
        {
            "target": "MCD_FLIP_BAT_A",
            "source": "MCD_ESM",
            "label": "ward"
        },
        {
            "target": "MCD_FLIP_USDC_A",
            "source": "MCD_PAUSE_PROXY",
            "label": "ward"
        },
        {
            "target": "MCD_FLIP_USDC_A",
            "source": "MCD_END",
            "label": "ward"
        },
        {
            "target": "MCD_FLIP_USDC_A",
            "source": "MCD_ESM",
            "label": "ward"
        },
        {
            "target": "MCD_FLIP_USDC_B",
            "source": "MCD_PAUSE_PROXY",
            "label": "ward"
        },
        {
            "target": "MCD_FLIP_USDC_B",
            "source": "MCD_END",
            "label": "ward"
        },
        {
            "target": "MCD_FLIP_USDC_B",
            "source": "MCD_ESM",
            "label": "ward"
        },
        {
            "target": "0x58CD24ac7322890382eE45A3E4F903a5B22Ee930",
            "source": "MCD_PAUSE_PROXY",
            "label": "ward"
        },
        {
            "target": "0x58CD24ac7322890382eE45A3E4F903a5B22Ee930",
            "source": "MCD_END",
            "label": "ward"
        },
        {
            "target": "0x58CD24ac7322890382eE45A3E4F903a5B22Ee930",
            "source": "MCD_ESM",
            "label": "ward"
        },
        {
            "target": "MCD_FLIP_TUSD_A",
            "source": "MCD_PAUSE_PROXY",
            "label": "ward"
        },
        {
            "target": "MCD_FLIP_TUSD_A",
            "source": "MCD_END",
            "label": "ward"
        },
        {
            "target": "MCD_FLIP_TUSD_A",
            "source": "MCD_ESM",
            "label": "ward"
        },
        {
            "target": "MCD_FLIP_ZRX_A",
            "source": "MCD_PAUSE_PROXY",
            "label": "ward"
        },
        {
            "target": "MCD_FLIP_ZRX_A",
            "source": "MCD_CAT",
            "label": "ward"
        },
        {
            "target": "MCD_FLIP_ZRX_A",
            "source": "FLIPPER_MOM",
            "label": "ward"
        },
        {
            "target": "MCD_FLIP_ZRX_A",
            "source": "MCD_END",
            "label": "ward"
        },
        {
            "target": "MCD_FLIP_ZRX_A",
            "source": "MCD_ESM",
            "label": "ward"
        },
        {
            "target": "MCD_FLIP_KNC_A",
            "source": "MCD_PAUSE_PROXY",
            "label": "ward"
        },
        {
            "target": "MCD_FLIP_KNC_A",
            "source": "MCD_CAT",
            "label": "ward"
        },
        {
            "target": "MCD_FLIP_KNC_A",
            "source": "FLIPPER_MOM",
            "label": "ward"
        },
        {
            "target": "MCD_FLIP_KNC_A",
            "source": "MCD_END",
            "label": "ward"
        },
        {
            "target": "MCD_FLIP_KNC_A",
            "source": "MCD_ESM",
            "label": "ward"
        },
        {
            "target": "MCD_FLIP_MANA_A",
            "source": "MCD_PAUSE_PROXY",
            "label": "ward"
        },
        {
            "target": "MCD_FLIP_MANA_A",
            "source": "MCD_CAT",
            "label": "ward"
        },
        {
            "target": "MCD_FLIP_MANA_A",
            "source": "FLIPPER_MOM",
            "label": "ward"
        },
        {
            "target": "MCD_FLIP_MANA_A",
            "source": "MCD_END",
            "label": "ward"
        },
        {
            "target": "MCD_FLIP_MANA_A",
            "source": "MCD_ESM",
            "label": "ward"
        },
        {
            "target": "MCD_FLIP_USDT_A",
            "source": "MCD_PAUSE_PROXY",
            "label": "ward"
        },
        {
            "target": "MCD_FLIP_USDT_A",
            "source": "MCD_CAT",
            "label": "ward"
        },
        {
            "target": "MCD_FLIP_USDT_A",
            "source": "FLIPPER_MOM",
            "label": "ward"
        },
        {
            "target": "MCD_FLIP_USDT_A",
            "source": "MCD_END",
            "label": "ward"
        },
        {
            "target": "MCD_FLIP_USDT_A",
            "source": "MCD_ESM",
            "label": "ward"
        },
        {
            "target": "MCD_FLIP_PAXUSD_A",
            "source": "MCD_PAUSE_PROXY",
            "label": "ward"
        },
        {
            "target": "MCD_FLIP_PAXUSD_A",
            "source": "MCD_END",
            "label": "ward"
        },
        {
            "target": "MCD_FLIP_PAXUSD_A",
            "source": "MCD_ESM",
            "label": "ward"
        },
        {
            "target": "MCD_FLIP_COMP_A",
            "source": "MCD_PAUSE_PROXY",
            "label": "ward"
        },
        {
            "target": "MCD_FLIP_COMP_A",
            "source": "MCD_CAT",
            "label": "ward"
        },
        {
            "target": "MCD_FLIP_COMP_A",
            "source": "FLIPPER_MOM",
            "label": "ward"
        },
        {
            "target": "MCD_FLIP_COMP_A",
            "source": "MCD_END",
            "label": "ward"
        },
        {
            "target": "MCD_FLIP_COMP_A",
            "source": "MCD_ESM",
            "label": "ward"
        },
        {
            "target": "MCD_FLIP_LRC_A",
            "source": "MCD_PAUSE_PROXY",
            "label": "ward"
        },
        {
            "target": "MCD_FLIP_LRC_A",
            "source": "MCD_CAT",
            "label": "ward"
        },
        {
            "target": "MCD_FLIP_LRC_A",
            "source": "FLIPPER_MOM",
            "label": "ward"
        },
        {
            "target": "MCD_FLIP_LRC_A",
            "source": "MCD_END",
            "label": "ward"
        },
        {
            "target": "MCD_FLIP_LRC_A",
            "source": "MCD_ESM",
            "label": "ward"
        },
        {
            "target": "0xB907EEdD63a30A3381E6D898e5815Ee8c9fd2c85",
            "source": "MCD_PAUSE_PROXY",
            "label": "ward"
        },
        {
            "target": "0xB907EEdD63a30A3381E6D898e5815Ee8c9fd2c85",
            "source": "MCD_END",
            "label": "ward"
        },
        {
            "target": "0xB907EEdD63a30A3381E6D898e5815Ee8c9fd2c85",
            "source": "MCD_ESM",
            "label": "ward"
        },
        {
            "target": "0xD499d71bE9e9E5D236A07ac562F7B6CeacCa624c",
            "source": "MCD_PAUSE_PROXY",
            "label": "ward"
        },
        {
            "target": "0xD499d71bE9e9E5D236A07ac562F7B6CeacCa624c",
            "source": "MCD_END",
            "label": "ward"
        },
        {
            "target": "0xD499d71bE9e9E5D236A07ac562F7B6CeacCa624c",
            "source": "MCD_ESM",
            "label": "ward"
        },
        {
            "target": "MCD_FLIP_BAL_A",
            "source": "MCD_PAUSE_PROXY",
            "label": "ward"
        },
        {
            "target": "MCD_FLIP_BAL_A",
            "source": "MCD_CAT",
            "label": "ward"
        },
        {
            "target": "MCD_FLIP_BAL_A",
            "source": "FLIPPER_MOM",
            "label": "ward"
        },
        {
            "target": "MCD_FLIP_BAL_A",
            "source": "MCD_END",
            "label": "ward"
        },
        {
            "target": "MCD_FLIP_BAL_A",
            "source": "MCD_ESM",
            "label": "ward"
        },
        {
            "target": "0xEe4C9C36257afB8098059a4763A374a4ECFE28A7",
            "source": "MCD_PAUSE_PROXY",
            "label": "ward"
        },
        {
            "target": "0xEe4C9C36257afB8098059a4763A374a4ECFE28A7",
            "source": "MCD_END",
            "label": "ward"
        },
        {
            "target": "0xEe4C9C36257afB8098059a4763A374a4ECFE28A7",
            "source": "MCD_ESM",
            "label": "ward"
        },
        {
            "target": "MCD_FLIP_GUSD_A",
            "source": "MCD_PAUSE_PROXY",
            "label": "ward"
        },
        {
            "target": "MCD_FLIP_GUSD_A",
            "source": "MCD_END",
            "label": "ward"
        },
        {
            "target": "MCD_FLIP_GUSD_A",
            "source": "MCD_ESM",
            "label": "ward"
        },
        {
            "target": "MCD_FLIP_UNI_A",
            "source": "MCD_PAUSE_PROXY",
            "label": "ward"
        },
        {
            "target": "MCD_FLIP_UNI_A",
            "source": "MCD_CAT",
            "label": "ward"
        },
        {
            "target": "MCD_FLIP_UNI_A",
            "source": "FLIPPER_MOM",
            "label": "ward"
        },
        {
            "target": "MCD_FLIP_UNI_A",
            "source": "MCD_END",
            "label": "ward"
        },
        {
            "target": "MCD_FLIP_UNI_A",
            "source": "MCD_ESM",
            "label": "ward"
        },
        {
            "target": "MCD_FLIP_RENBTC_A",
            "source": "MCD_PAUSE_PROXY",
            "label": "ward"
        },
        {
            "target": "MCD_FLIP_RENBTC_A",
            "source": "MCD_CAT",
            "label": "ward"
        },
        {
            "target": "MCD_FLIP_RENBTC_A",
            "source": "FLIPPER_MOM",
            "label": "ward"
        },
        {
            "target": "MCD_FLIP_RENBTC_A",
            "source": "MCD_END",
            "label": "ward"
        },
        {
            "target": "MCD_FLIP_RENBTC_A",
            "source": "MCD_ESM",
            "label": "ward"
        },
        {
            "target": "MCD_FLIP_AAVE_A",
            "source": "MCD_PAUSE_PROXY",
            "label": "ward"
        },
        {
            "target": "MCD_FLIP_AAVE_A",
            "source": "MCD_CAT",
            "label": "ward"
        },
        {
            "target": "MCD_FLIP_AAVE_A",
            "source": "FLIPPER_MOM",
            "label": "ward"
        },
        {
            "target": "MCD_FLIP_AAVE_A",
            "source": "MCD_END",
            "label": "ward"
        },
        {
            "target": "MCD_FLIP_AAVE_A",
            "source": "MCD_ESM",
            "label": "ward"
        },
        {
            "target": "MCD_FLIP_UNIV2DAIETH_A",
            "source": "MCD_PAUSE_PROXY",
            "label": "ward"
        },
        {
            "target": "MCD_FLIP_UNIV2DAIETH_A",
            "source": "MCD_CAT",
            "label": "ward"
        },
        {
            "target": "MCD_FLIP_UNIV2DAIETH_A",
            "source": "FLIPPER_MOM",
            "label": "ward"
        },
        {
            "target": "MCD_FLIP_UNIV2DAIETH_A",
            "source": "MCD_END",
            "label": "ward"
        },
        {
            "target": "MCD_FLIP_UNIV2DAIETH_A",
            "source": "MCD_ESM",
            "label": "ward"
        },
        {
            "target": "MCD_FLIP_PSM_USDC_A",
            "source": "MCD_PAUSE_PROXY",
            "label": "ward"
        },
        {
            "target": "MCD_FLIP_PSM_USDC_A",
            "source": "MCD_END",
            "label": "ward"
        },
        {
            "target": "MCD_FLIP_PSM_USDC_A",
            "source": "MCD_ESM",
            "label": "ward"
        },
        {
            "target": "MCD_FLIP_UNIV2WBTCETH_A",
            "source": "MCD_PAUSE_PROXY",
            "label": "ward"
        },
        {
            "target": "MCD_FLIP_UNIV2WBTCETH_A",
            "source": "MCD_CAT",
            "label": "ward"
        },
        {
            "target": "MCD_FLIP_UNIV2WBTCETH_A",
            "source": "FLIPPER_MOM",
            "label": "ward"
        },
        {
            "target": "MCD_FLIP_UNIV2WBTCETH_A",
            "source": "MCD_END",
            "label": "ward"
        },
        {
            "target": "MCD_FLIP_UNIV2WBTCETH_A",
            "source": "MCD_ESM",
            "label": "ward"
        },
        {
            "target": "MCD_FLIP_UNIV2USDCETH_A",
            "source": "MCD_PAUSE_PROXY",
            "label": "ward"
        },
        {
            "target": "MCD_FLIP_UNIV2USDCETH_A",
            "source": "MCD_CAT",
            "label": "ward"
        },
        {
            "target": "MCD_FLIP_UNIV2USDCETH_A",
            "source": "FLIPPER_MOM",
            "label": "ward"
        },
        {
            "target": "MCD_FLIP_UNIV2USDCETH_A",
            "source": "MCD_END",
            "label": "ward"
        },
        {
            "target": "MCD_FLIP_UNIV2USDCETH_A",
            "source": "MCD_ESM",
            "label": "ward"
        },
        {
            "target": "MCD_FLIP_UNIV2DAIUSDC_A",
            "source": "MCD_PAUSE_PROXY",
            "label": "ward"
        },
        {
            "target": "MCD_FLIP_UNIV2DAIUSDC_A",
            "source": "MCD_END",
            "label": "ward"
        },
        {
            "target": "MCD_FLIP_UNIV2DAIUSDC_A",
            "source": "MCD_ESM",
            "label": "ward"
        },
        {
            "target": "MCD_FLIP_UNIV2ETHUSDT_A",
            "source": "MCD_PAUSE_PROXY",
            "label": "ward"
        },
        {
            "target": "MCD_FLIP_UNIV2ETHUSDT_A",
            "source": "MCD_CAT",
            "label": "ward"
        },
        {
            "target": "MCD_FLIP_UNIV2ETHUSDT_A",
            "source": "FLIPPER_MOM",
            "label": "ward"
        },
        {
            "target": "MCD_FLIP_UNIV2ETHUSDT_A",
            "source": "MCD_END",
            "label": "ward"
        },
        {
            "target": "MCD_FLIP_UNIV2ETHUSDT_A",
            "source": "MCD_ESM",
            "label": "ward"
        },
        {
            "target": "MCD_FLIP_UNIV2LINKETH_A",
            "source": "MCD_PAUSE_PROXY",
            "label": "ward"
        },
        {
            "target": "MCD_FLIP_UNIV2LINKETH_A",
            "source": "MCD_CAT",
            "label": "ward"
        },
        {
            "target": "MCD_FLIP_UNIV2LINKETH_A",
            "source": "FLIPPER_MOM",
            "label": "ward"
        },
        {
            "target": "MCD_FLIP_UNIV2LINKETH_A",
            "source": "MCD_END",
            "label": "ward"
        },
        {
            "target": "MCD_FLIP_UNIV2LINKETH_A",
            "source": "MCD_ESM",
            "label": "ward"
        },
        {
            "target": "MCD_FLIP_UNIV2UNIETH_A",
            "source": "MCD_PAUSE_PROXY",
            "label": "ward"
        },
        {
            "target": "MCD_FLIP_UNIV2UNIETH_A",
            "source": "MCD_CAT",
            "label": "ward"
        },
        {
            "target": "MCD_FLIP_UNIV2UNIETH_A",
            "source": "FLIPPER_MOM",
            "label": "ward"
        },
        {
            "target": "MCD_FLIP_UNIV2UNIETH_A",
            "source": "MCD_END",
            "label": "ward"
        },
        {
            "target": "MCD_FLIP_UNIV2UNIETH_A",
            "source": "MCD_ESM",
            "label": "ward"
        },
        {
            "target": "MCD_FLIP_UNIV2WBTCDAI_A",
            "source": "MCD_PAUSE_PROXY",
            "label": "ward"
        },
        {
            "target": "MCD_FLIP_UNIV2WBTCDAI_A",
            "source": "MCD_CAT",
            "label": "ward"
        },
        {
            "target": "MCD_FLIP_UNIV2WBTCDAI_A",
            "source": "FLIPPER_MOM",
            "label": "ward"
        },
        {
            "target": "MCD_FLIP_UNIV2WBTCDAI_A",
            "source": "MCD_END",
            "label": "ward"
        },
        {
            "target": "MCD_FLIP_UNIV2WBTCDAI_A",
            "source": "MCD_ESM",
            "label": "ward"
        },
        {
            "target": "MCD_FLIP_UNIV2AAVEETH_A",
            "source": "MCD_PAUSE_PROXY",
            "label": "ward"
        },
        {
            "target": "MCD_FLIP_UNIV2AAVEETH_A",
            "source": "MCD_CAT",
            "label": "ward"
        },
        {
            "target": "MCD_FLIP_UNIV2AAVEETH_A",
            "source": "FLIPPER_MOM",
            "label": "ward"
        },
        {
            "target": "MCD_FLIP_UNIV2AAVEETH_A",
            "source": "MCD_END",
            "label": "ward"
        },
        {
            "target": "MCD_FLIP_UNIV2AAVEETH_A",
            "source": "MCD_ESM",
            "label": "ward"
        },
        {
            "target": "MCD_FLIP_UNIV2DAIUSDT_A",
            "source": "MCD_PAUSE_PROXY",
            "label": "ward"
        },
        {
            "target": "MCD_FLIP_UNIV2DAIUSDT_A",
            "source": "MCD_CAT",
            "label": "ward"
        },
        {
            "target": "MCD_FLIP_UNIV2DAIUSDT_A",
            "source": "FLIPPER_MOM",
            "label": "ward"
        },
        {
            "target": "MCD_FLIP_UNIV2DAIUSDT_A",
            "source": "MCD_END",
            "label": "ward"
        },
        {
            "target": "MCD_FLIP_UNIV2DAIUSDT_A",
            "source": "MCD_ESM",
            "label": "ward"
        },
        {
            "target": "0x7A67901A68243241EBf66beEB0e7b5395582BF17",
            "source": "MCD_PAUSE_PROXY",
            "label": "ward"
        },
        {
            "target": "0x7A67901A68243241EBf66beEB0e7b5395582BF17",
            "source": "MCD_END",
            "label": "ward"
        },
        {
            "target": "0x7A67901A68243241EBf66beEB0e7b5395582BF17",
            "source": "MCD_ESM",
            "label": "ward"
        },
        {
            "target": "MCD_CLIP_LINK_A",
            "source": "MCD_PAUSE_PROXY",
            "label": "ward"
        },
        {
            "target": "MCD_CLIP_LINK_A",
            "source": "MCD_DOG",
            "label": "ward"
        },
        {
            "target": "MCD_CLIP_LINK_A",
            "source": "MCD_END",
            "label": "ward"
        },
        {
            "target": "MCD_CLIP_LINK_A",
            "source": "CLIPPER_MOM",
            "label": "ward"
        },
        {
            "target": "MCD_CLIP_LINK_A",
            "source": "MCD_ESM",
            "label": "ward"
        },
        {
            "target": "MCD_CLIP_YFI_A",
            "source": "MCD_PAUSE_PROXY",
            "label": "ward"
        },
        {
            "target": "MCD_CLIP_YFI_A",
            "source": "MCD_DOG",
            "label": "ward"
        },
        {
            "target": "MCD_CLIP_YFI_A",
            "source": "MCD_END",
            "label": "ward"
        },
        {
            "target": "MCD_CLIP_YFI_A",
            "source": "CLIPPER_MOM",
            "label": "ward"
        },
        {
            "target": "MCD_CLIP_YFI_A",
            "source": "MCD_ESM",
            "label": "ward"
        },
        {
            "target": "MCD_CLIP_ETH_A",
            "source": "MCD_PAUSE_PROXY",
            "label": "ward"
        },
        {
            "target": "MCD_CLIP_ETH_A",
            "source": "MCD_DOG",
            "label": "ward"
        },
        {
            "target": "MCD_CLIP_ETH_A",
            "source": "MCD_END",
            "label": "ward"
        },
        {
            "target": "MCD_CLIP_ETH_A",
            "source": "CLIPPER_MOM",
            "label": "ward"
        },
        {
            "target": "MCD_CLIP_ETH_A",
            "source": "MCD_ESM",
            "label": "ward"
        },
        {
            "target": "MCD_CLIP_ETH_B",
            "source": "MCD_PAUSE_PROXY",
            "label": "ward"
        },
        {
            "target": "MCD_CLIP_ETH_B",
            "source": "MCD_DOG",
            "label": "ward"
        },
        {
            "target": "MCD_CLIP_ETH_B",
            "source": "MCD_END",
            "label": "ward"
        },
        {
            "target": "MCD_CLIP_ETH_B",
            "source": "CLIPPER_MOM",
            "label": "ward"
        },
        {
            "target": "MCD_CLIP_ETH_B",
            "source": "MCD_ESM",
            "label": "ward"
        },
        {
            "target": "MCD_CLIP_ETH_C",
            "source": "MCD_PAUSE_PROXY",
            "label": "ward"
        },
        {
            "target": "MCD_CLIP_ETH_C",
            "source": "MCD_DOG",
            "label": "ward"
        },
        {
            "target": "MCD_CLIP_ETH_C",
            "source": "MCD_END",
            "label": "ward"
        },
        {
            "target": "MCD_CLIP_ETH_C",
            "source": "CLIPPER_MOM",
            "label": "ward"
        },
        {
            "target": "MCD_CLIP_ETH_C",
            "source": "MCD_ESM",
            "label": "ward"
        },
        {
            "target": "MCD_CLIP_WBTC_A",
            "source": "MCD_PAUSE_PROXY",
            "label": "ward"
        },
        {
            "target": "MCD_CLIP_WBTC_A",
            "source": "MCD_DOG",
            "label": "ward"
        },
        {
            "target": "MCD_CLIP_WBTC_A",
            "source": "MCD_END",
            "label": "ward"
        },
        {
            "target": "MCD_CLIP_WBTC_A",
            "source": "CLIPPER_MOM",
            "label": "ward"
        },
        {
            "target": "MCD_CLIP_WBTC_A",
            "source": "MCD_ESM",
            "label": "ward"
        },
        {
            "target": "FLIPPER_MOM",
            "source": "MCD_PAUSE_PROXY",
            "label": "owner"
        },
        {
            "target": "FLIPPER_MOM",
            "source": "MCD_ADM",
            "label": "authority"
        },
        {
            "target": "CLIPPER_MOM",
            "source": "MCD_PAUSE_PROXY",
            "label": "owner"
        },
        {
            "target": "CLIPPER_MOM",
            "source": "MCD_ADM",
            "label": "authority"
        }
    ],
    "nodes": [
        {
            "id": "MCD_PAUSE_PROXY"
        },
        {
            "id": "MCD_VOW"
        },
        {
            "id": "MCD_PAUSE"
        },
        {
            "id": "MCD_CAT"
        },
        {
            "id": "MCD_END"
        },
        {
            "id": "MCD_DOG"
        },
        {
            "id": "0x989C0BDa008E257d5a5133575dc77e039A2e3758"
        },
        {
            "id": "MCD_ADM"
        },
        {
            "id": "0xF32836B9E1f47a0515c6Ec431592D5EbC276407f"
        },
        {
            "id": "MCD_FLIP_BAT_A"
        },
        {
            "id": "MCD_FLIP_USDC_A"
        },
        {
            "id": "MCD_FLIP_USDC_B"
        },
        {
            "id": "0x58CD24ac7322890382eE45A3E4F903a5B22Ee930"
        },
        {
            "id": "MCD_FLIP_TUSD_A"
        },
        {
            "id": "MCD_FLIP_ZRX_A"
        },
        {
            "id": "MCD_FLIP_KNC_A"
        },
        {
            "id": "MCD_FLIP_MANA_A"
        },
        {
            "id": "MCD_FLIP_USDT_A"
        },
        {
            "id": "MCD_FLIP_PAXUSD_A"
        },
        {
            "id": "MCD_FLIP_COMP_A"
        },
        {
            "id": "MCD_FLIP_LRC_A"
        },
        {
            "id": "0xB907EEdD63a30A3381E6D898e5815Ee8c9fd2c85"
        },
        {
            "id": "0xD499d71bE9e9E5D236A07ac562F7B6CeacCa624c"
        },
        {
            "id": "MCD_FLIP_BAL_A"
        },
        {
            "id": "0xEe4C9C36257afB8098059a4763A374a4ECFE28A7"
        },
        {
            "id": "MCD_FLIP_GUSD_A"
        },
        {
            "id": "MCD_FLIP_UNI_A"
        },
        {
            "id": "MCD_FLIP_RENBTC_A"
        },
        {
            "id": "MCD_FLIP_AAVE_A"
        },
        {
            "id": "MCD_FLIP_UNIV2DAIETH_A"
        },
        {
            "id": "MCD_FLIP_PSM_USDC_A"
        },
        {
            "id": "MCD_FLIP_UNIV2WBTCETH_A"
        },
        {
            "id": "MCD_FLIP_UNIV2USDCETH_A"
        },
        {
            "id": "MCD_FLIP_UNIV2DAIUSDC_A"
        },
        {
            "id": "MCD_FLIP_UNIV2ETHUSDT_A"
        },
        {
            "id": "MCD_FLIP_UNIV2LINKETH_A"
        },
        {
            "id": "MCD_FLIP_UNIV2UNIETH_A"
        },
        {
            "id": "MCD_FLIP_UNIV2WBTCDAI_A"
        },
        {
            "id": "MCD_FLIP_UNIV2AAVEETH_A"
        },
        {
            "id": "MCD_FLIP_UNIV2DAIUSDT_A"
        },
        {
            "id": "0x7A67901A68243241EBf66beEB0e7b5395582BF17"
        },
        {
            "id": "MCD_ESM"
        },
        {
            "id": "MCD_CLIP_LINK_A"
        },
        {
            "id": "MCD_CLIP_YFI_A"
        },
        {
            "id": "MCD_CLIP_ETH_A"
        },
        {
            "id": "MCD_CLIP_ETH_B"
        },
        {
            "id": "MCD_CLIP_ETH_C"
        },
        {
            "id": "MCD_CLIP_WBTC_A"
        },
        {
            "id": "FLIPPER_MOM"
        },
        {
            "id": "CLIPPER_MOM"
        },
        {
            "id": "MCD_FLAP"
        }
    ]
}