{
    "links": [
        {
            "target": "PIP_ZRX_SRC",
            "source": "MCD_PAUSE_PROXY",
            "label": "ward"
        },
        {
            "target": "PIP_ZRX_SRC",
            "source": "PIP_ZRX",
            "label": "bud"
        },
        {
            "target": "PIP_ZRX_SRC",
            "source": "0xFF60D1650696238F81BE53D23b3F91bfAAad938f",
            "label": "bud"
        },
        {
            "target": "MCD_PAUSE_PROXY",
            "source": "MCD_PAUSE",
            "label": "owner"
        },
        {
            "target": "PIP_ZRX",
            "source": "MCD_PAUSE_PROXY",
            "label": "ward"
        },
        {
            "target": "PIP_ZRX",
            "source": "OSM_MOM",
            "label": "ward"
        },
        {
            "target": "PIP_ZRX",
            "source": "MCD_SPOT",
            "label": "bud"
        },
        {
            "target": "PIP_ZRX",
            "source": "0xD5885fbCb9a8a8244746010a3BC6F1C6e0269777",
            "label": "bud"
        },
        {
            "target": "PIP_ZRX",
            "source": "MCD_END",
            "label": "bud"
        },
        {
            "target": "0xFF60D1650696238F81BE53D23b3F91bfAAad938f",
            "source": "0xF8523c551763FE4261A28313015267F163de7541",
            "label": "owner"
        },
        {
            "target": "MCD_PAUSE",
            "source": "MCD_ADM",
            "label": "authority"
        },
        {
            "target": "OSM_MOM",
            "source": "MCD_PAUSE_PROXY",
            "label": "owner"
        },
        {
            "target": "OSM_MOM",
            "source": "MCD_ADM",
            "label": "authority"
        },
        {
            "target": "MCD_SPOT",
            "source": "MCD_PAUSE_PROXY",
            "label": "ward"
        },
        {
            "target": "MCD_SPOT",
            "source": "MCD_END",
            "label": "ward"
        },
        {
            "target": "MCD_END",
            "source": "MCD_PAUSE_PROXY",
            "label": "ward"
        },
        {
            "target": "MCD_END",
            "source": "MCD_ESM",
            "label": "ward"
        },
        {
            "target": "MCD_ADM",
            "source": "MCD_ADM",
            "label": "authority"
        }
    ],
    "nodes": [
        {
            "id": "MCD_PAUSE_PROXY"
        },
        {
            "id": "PIP_ZRX"
        },
        {
            "id": "0xFF60D1650696238F81BE53D23b3F91bfAAad938f"
        },
        {
            "id": "MCD_PAUSE"
        },
        {
            "id": "OSM_MOM"
        },
        {
            "id": "MCD_SPOT"
        },
        {
            "id": "0xD5885fbCb9a8a8244746010a3BC6F1C6e0269777"
        },
        {
            "id": "MCD_END"
        },
        {
            "id": "0xF8523c551763FE4261A28313015267F163de7541"
        },
        {
            "id": "MCD_ADM"
        },
        {
            "id": "MCD_ESM"
        },
        {
            "id": "PIP_ZRX_SRC"
        }
    ]
}