{
    "links": [
        {
            "target": "PIP_UNIV2DAIUSDT_ORB1",
            "source": "MCD_PAUSE_PROXY",
            "label": "ward"
        },
        {
            "target": "PIP_UNIV2DAIUSDT_ORB1",
            "source": "PIP_USDT",
            "label": "bud"
        },
        {
            "target": "PIP_UNIV2DAIUSDT_ORB1",
            "source": "PIP_UNIV2ETHUSDT",
            "label": "bud"
        },
        {
            "target": "PIP_UNIV2DAIUSDT_ORB1",
            "source": "PIP_UNIV2DAIUSDT",
            "label": "bud"
        },
        {
            "target": "MCD_PAUSE_PROXY",
            "source": "MCD_PAUSE",
            "label": "owner"
        },
        {
            "target": "PIP_USDT",
            "source": "MCD_PAUSE_PROXY",
            "label": "ward"
        },
        {
            "target": "PIP_USDT",
            "source": "OSM_MOM",
            "label": "ward"
        },
        {
            "target": "PIP_USDT",
            "source": "MCD_SPOT",
            "label": "bud"
        },
        {
            "target": "PIP_USDT",
            "source": "MCD_END",
            "label": "bud"
        },
        {
            "target": "PIP_UNIV2ETHUSDT",
            "source": "0x9f6D3A34B493b2e8B6BDB04E45Dc640CdF691a40",
            "label": "ward"
        },
        {
            "target": "PIP_UNIV2ETHUSDT",
            "source": "OSM_MOM",
            "label": "ward"
        },
        {
            "target": "PIP_UNIV2ETHUSDT",
            "source": "MCD_PAUSE_PROXY",
            "label": "ward"
        },
        {
            "target": "PIP_UNIV2DAIUSDT",
            "source": "0x9f6D3A34B493b2e8B6BDB04E45Dc640CdF691a40",
            "label": "ward"
        },
        {
            "target": "PIP_UNIV2DAIUSDT",
            "source": "OSM_MOM",
            "label": "ward"
        },
        {
            "target": "PIP_UNIV2DAIUSDT",
            "source": "MCD_PAUSE_PROXY",
            "label": "ward"
        },
        {
            "target": "MCD_PAUSE",
            "source": "MCD_ADM",
            "label": "authority"
        },
        {
            "target": "OSM_MOM",
            "source": "MCD_PAUSE_PROXY",
            "label": "owner"
        },
        {
            "target": "OSM_MOM",
            "source": "MCD_ADM",
            "label": "authority"
        },
        {
            "target": "MCD_SPOT",
            "source": "MCD_PAUSE_PROXY",
            "label": "ward"
        },
        {
            "target": "MCD_SPOT",
            "source": "MCD_END",
            "label": "ward"
        },
        {
            "target": "MCD_END",
            "source": "MCD_PAUSE_PROXY",
            "label": "ward"
        },
        {
            "target": "MCD_END",
            "source": "MCD_ESM",
            "label": "ward"
        },
        {
            "target": "MCD_ADM",
            "source": "MCD_ADM",
            "label": "authority"
        }
    ],
    "nodes": [
        {
            "id": "MCD_PAUSE_PROXY"
        },
        {
            "id": "PIP_USDT"
        },
        {
            "id": "PIP_UNIV2ETHUSDT"
        },
        {
            "id": "PIP_UNIV2DAIUSDT"
        },
        {
            "id": "MCD_PAUSE"
        },
        {
            "id": "OSM_MOM"
        },
        {
            "id": "MCD_SPOT"
        },
        {
            "id": "MCD_END"
        },
        {
            "id": "0x9f6D3A34B493b2e8B6BDB04E45Dc640CdF691a40"
        },
        {
            "id": "MCD_ADM"
        },
        {
            "id": "MCD_ESM"
        },
        {
            "id": "PIP_UNIV2DAIUSDT_ORB1"
        }
    ]
}