{
    "links": [
        {
            "target": "PIP_UNIV2AAVEETH_ORB1",
            "source": "MCD_PAUSE_PROXY",
            "label": "ward"
        },
        {
            "target": "PIP_UNIV2AAVEETH_ORB1",
            "source": "PIP_ETH",
            "label": "bud"
        },
        {
            "target": "PIP_UNIV2AAVEETH_ORB1",
            "source": "0x97C3e595e8f80169266B5534e4d7A1bB58BB45ab",
            "label": "bud"
        },
        {
            "target": "PIP_UNIV2AAVEETH_ORB1",
            "source": "0x12Ee7E3369272CeE4e9843F36331561DBF9Ae6b4",
            "label": "bud"
        },
        {
            "target": "PIP_UNIV2AAVEETH_ORB1",
            "source": "0x538038E526517680735568f9C5342c6E68bbDA12",
            "label": "bud"
        },
        {
            "target": "PIP_UNIV2AAVEETH_ORB1",
            "source": "0x2325aa20DEAa9770a978f1dc7C073589ffC79DC3",
            "label": "bud"
        },
        {
            "target": "PIP_UNIV2AAVEETH_ORB1",
            "source": "PIP_UNIV2DAIETH",
            "label": "bud"
        },
        {
            "target": "PIP_UNIV2AAVEETH_ORB1",
            "source": "PIP_UNIV2WBTCETH",
            "label": "bud"
        },
        {
            "target": "PIP_UNIV2AAVEETH_ORB1",
            "source": "PIP_UNIV2USDCETH",
            "label": "bud"
        },
        {
            "target": "PIP_UNIV2AAVEETH_ORB1",
            "source": "PIP_UNIV2ETHUSDT",
            "label": "bud"
        },
        {
            "target": "PIP_UNIV2AAVEETH_ORB1",
            "source": "PIP_UNIV2LINKETH",
            "label": "bud"
        },
        {
            "target": "PIP_UNIV2AAVEETH_ORB1",
            "source": "PIP_UNIV2UNIETH",
            "label": "bud"
        },
        {
            "target": "PIP_UNIV2AAVEETH_ORB1",
            "source": "PIP_UNIV2AAVEETH",
            "label": "bud"
        },
        {
            "target": "MCD_PAUSE_PROXY",
            "source": "MCD_PAUSE",
            "label": "owner"
        },
        {
            "target": "PIP_ETH",
            "source": "MCD_PAUSE_PROXY",
            "label": "ward"
        },
        {
            "target": "PIP_ETH",
            "source": "OSM_MOM",
            "label": "ward"
        },
        {
            "target": "PIP_ETH",
            "source": "MCD_SPOT",
            "label": "bud"
        },
        {
            "target": "PIP_ETH",
            "source": "0xeAa474cbFFA87Ae0F1a6f68a3aBA6C77C656F72c",
            "label": "bud"
        },
        {
            "target": "PIP_ETH",
            "source": "0xCF63089A8aD2a9D8BD6Bb8022f3190EB7e1eD0f1",
            "label": "bud"
        },
        {
            "target": "PIP_ETH",
            "source": "0x2325aa20DEAa9770a978f1dc7C073589ffC79DC3",
            "label": "bud"
        },
        {
            "target": "PIP_ETH",
            "source": "0xD5885fbCb9a8a8244746010a3BC6F1C6e0269777",
            "label": "bud"
        },
        {
            "target": "PIP_ETH",
            "source": "0xDF3CDd10e646e4155723a3bC5b1191741DD90333",
            "label": "bud"
        },
        {
            "target": "PIP_ETH",
            "source": "MCD_END",
            "label": "bud"
        },
        {
            "target": "PIP_ETH",
            "source": "MCD_CLIP_ETH_A",
            "label": "bud"
        },
        {
            "target": "PIP_ETH",
            "source": "CLIPPER_MOM",
            "label": "bud"
        },
        {
            "target": "PIP_ETH",
            "source": "MCD_CLIP_ETH_B",
            "label": "bud"
        },
        {
            "target": "PIP_ETH",
            "source": "MCD_CLIP_ETH_C",
            "label": "bud"
        },
        {
            "target": "0x97C3e595e8f80169266B5534e4d7A1bB58BB45ab",
            "source": "0xF8523c551763FE4261A28313015267F163de7541",
            "label": "owner"
        },
        {
            "target": "0x12Ee7E3369272CeE4e9843F36331561DBF9Ae6b4",
            "source": "0xA9E664bB519Dc372C025100eA83255eDC8d9bDE3",
            "label": "owner"
        },
        {
            "target": "0x538038E526517680735568f9C5342c6E68bbDA12",
            "source": "0xba2906b18B069b40C6D2CAFd392E76ad479B1B53",
            "label": "owner"
        },
        {
            "target": "0x2325aa20DEAa9770a978f1dc7C073589ffC79DC3",
            "source": "0xd0643BC0D0C879F175556509dbcEe9373379D5C3",
            "label": "owner"
        },
        {
            "target": "PIP_UNIV2DAIETH",
            "source": "0x9f6D3A34B493b2e8B6BDB04E45Dc640CdF691a40",
            "label": "ward"
        },
        {
            "target": "PIP_UNIV2DAIETH",
            "source": "MCD_PAUSE_PROXY",
            "label": "ward"
        },
        {
            "target": "PIP_UNIV2DAIETH",
            "source": "OSM_MOM",
            "label": "ward"
        },
        {
            "target": "PIP_UNIV2WBTCETH",
            "source": "0x9f6D3A34B493b2e8B6BDB04E45Dc640CdF691a40",
            "label": "ward"
        },
        {
            "target": "PIP_UNIV2WBTCETH",
            "source": "MCD_PAUSE_PROXY",
            "label": "ward"
        },
        {
            "target": "PIP_UNIV2WBTCETH",
            "source": "OSM_MOM",
            "label": "ward"
        },
        {
            "target": "PIP_UNIV2USDCETH",
            "source": "0x9f6D3A34B493b2e8B6BDB04E45Dc640CdF691a40",
            "label": "ward"
        },
        {
            "target": "PIP_UNIV2USDCETH",
            "source": "MCD_PAUSE_PROXY",
            "label": "ward"
        },
        {
            "target": "PIP_UNIV2USDCETH",
            "source": "OSM_MOM",
            "label": "ward"
        },
        {
            "target": "PIP_UNIV2ETHUSDT",
            "source": "0x9f6D3A34B493b2e8B6BDB04E45Dc640CdF691a40",
            "label": "ward"
        },
        {
            "target": "PIP_UNIV2ETHUSDT",
            "source": "OSM_MOM",
            "label": "ward"
        },
        {
            "target": "PIP_UNIV2ETHUSDT",
            "source": "MCD_PAUSE_PROXY",
            "label": "ward"
        },
        {
            "target": "PIP_UNIV2LINKETH",
            "source": "0x9f6D3A34B493b2e8B6BDB04E45Dc640CdF691a40",
            "label": "ward"
        },
        {
            "target": "PIP_UNIV2LINKETH",
            "source": "OSM_MOM",
            "label": "ward"
        },
        {
            "target": "PIP_UNIV2LINKETH",
            "source": "MCD_PAUSE_PROXY",
            "label": "ward"
        },
        {
            "target": "PIP_UNIV2UNIETH",
            "source": "0x9f6D3A34B493b2e8B6BDB04E45Dc640CdF691a40",
            "label": "ward"
        },
        {
            "target": "PIP_UNIV2UNIETH",
            "source": "OSM_MOM",
            "label": "ward"
        },
        {
            "target": "PIP_UNIV2UNIETH",
            "source": "MCD_PAUSE_PROXY",
            "label": "ward"
        },
        {
            "target": "PIP_UNIV2AAVEETH",
            "source": "0x9f6D3A34B493b2e8B6BDB04E45Dc640CdF691a40",
            "label": "ward"
        },
        {
            "target": "PIP_UNIV2AAVEETH",
            "source": "OSM_MOM",
            "label": "ward"
        },
        {
            "target": "PIP_UNIV2AAVEETH",
            "source": "MCD_PAUSE_PROXY",
            "label": "ward"
        },
        {
            "target": "MCD_PAUSE",
            "source": "MCD_ADM",
            "label": "authority"
        },
        {
            "target": "OSM_MOM",
            "source": "MCD_PAUSE_PROXY",
            "label": "owner"
        },
        {
            "target": "OSM_MOM",
            "source": "MCD_ADM",
            "label": "authority"
        },
        {
            "target": "MCD_SPOT",
            "source": "MCD_PAUSE_PROXY",
            "label": "ward"
        },
        {
            "target": "MCD_SPOT",
            "source": "MCD_END",
            "label": "ward"
        },
        {
            "target": "0xeAa474cbFFA87Ae0F1a6f68a3aBA6C77C656F72c",
            "source": "0x0528A32fda5beDf89Ba9ad67296db83c9452F28C",
            "label": "owner"
        },
        {
            "target": "MCD_END",
            "source": "MCD_PAUSE_PROXY",
            "label": "ward"
        },
        {
            "target": "MCD_END",
            "source": "MCD_ESM",
            "label": "ward"
        },
        {
            "target": "MCD_CLIP_ETH_A",
            "source": "MCD_PAUSE_PROXY",
            "label": "ward"
        },
        {
            "target": "MCD_CLIP_ETH_A",
            "source": "MCD_DOG",
            "label": "ward"
        },
        {
            "target": "MCD_CLIP_ETH_A",
            "source": "MCD_END",
            "label": "ward"
        },
        {
            "target": "MCD_CLIP_ETH_A",
            "source": "CLIPPER_MOM",
            "label": "ward"
        },
        {
            "target": "MCD_CLIP_ETH_A",
            "source": "MCD_ESM",
            "label": "ward"
        },
        {
            "target": "CLIPPER_MOM",
            "source": "MCD_PAUSE_PROXY",
            "label": "owner"
        },
        {
            "target": "CLIPPER_MOM",
            "source": "MCD_ADM",
            "label": "authority"
        },
        {
            "target": "MCD_CLIP_ETH_B",
            "source": "MCD_PAUSE_PROXY",
            "label": "ward"
        },
        {
            "target": "MCD_CLIP_ETH_B",
            "source": "MCD_DOG",
            "label": "ward"
        },
        {
            "target": "MCD_CLIP_ETH_B",
            "source": "MCD_END",
            "label": "ward"
        },
        {
            "target": "MCD_CLIP_ETH_B",
            "source": "CLIPPER_MOM",
            "label": "ward"
        },
        {
            "target": "MCD_CLIP_ETH_B",
            "source": "MCD_ESM",
            "label": "ward"
        },
        {
            "target": "MCD_CLIP_ETH_C",
            "source": "MCD_PAUSE_PROXY",
            "label": "ward"
        },
        {
            "target": "MCD_CLIP_ETH_C",
            "source": "MCD_DOG",
            "label": "ward"
        },
        {
            "target": "MCD_CLIP_ETH_C",
            "source": "MCD_END",
            "label": "ward"
        },
        {
            "target": "MCD_CLIP_ETH_C",
            "source": "CLIPPER_MOM",
            "label": "ward"
        },
        {
            "target": "MCD_CLIP_ETH_C",
            "source": "MCD_ESM",
            "label": "ward"
        },
        {
            "target": "0xA9E664bB519Dc372C025100eA83255eDC8d9bDE3",
            "source": "0xA9E664bB519Dc372C025100eA83255eDC8d9bDE3",
            "label": "externally owned account"
        },
        {
            "target": "0xd0643BC0D0C879F175556509dbcEe9373379D5C3",
            "source": "0xd0643BC0D0C879F175556509dbcEe9373379D5C3",
            "label": "externally owned account"
        },
        {
            "target": "MCD_ADM",
            "source": "MCD_ADM",
            "label": "authority"
        },
        {
            "target": "0x0528A32fda5beDf89Ba9ad67296db83c9452F28C",
            "source": "0x0528A32fda5beDf89Ba9ad67296db83c9452F28C",
            "label": "externally owned account"
        },
        {
            "target": "MCD_DOG",
            "source": "MCD_PAUSE_PROXY",
            "label": "ward"
        },
        {
            "target": "MCD_DOG",
            "source": "MCD_END",
            "label": "ward"
        },
        {
            "target": "MCD_DOG",
            "source": "MCD_CLIP_LINK_A",
            "label": "ward"
        },
        {
            "target": "MCD_DOG",
            "source": "MCD_CLIP_YFI_A",
            "label": "ward"
        },
        {
            "target": "MCD_DOG",
            "source": "MCD_CLIP_ETH_A",
            "label": "ward"
        },
        {
            "target": "MCD_DOG",
            "source": "MCD_CLIP_ETH_B",
            "label": "ward"
        },
        {
            "target": "MCD_DOG",
            "source": "MCD_CLIP_ETH_C",
            "label": "ward"
        },
        {
            "target": "MCD_DOG",
            "source": "MCD_CLIP_WBTC_A",
            "label": "ward"
        },
        {
            "target": "MCD_CLIP_LINK_A",
            "source": "MCD_PAUSE_PROXY",
            "label": "ward"
        },
        {
            "target": "MCD_CLIP_LINK_A",
            "source": "MCD_DOG",
            "label": "ward"
        },
        {
            "target": "MCD_CLIP_LINK_A",
            "source": "MCD_END",
            "label": "ward"
        },
        {
            "target": "MCD_CLIP_LINK_A",
            "source": "CLIPPER_MOM",
            "label": "ward"
        },
        {
            "target": "MCD_CLIP_LINK_A",
            "source": "MCD_ESM",
            "label": "ward"
        },
        {
            "target": "MCD_CLIP_YFI_A",
            "source": "MCD_PAUSE_PROXY",
            "label": "ward"
        },
        {
            "target": "MCD_CLIP_YFI_A",
            "source": "MCD_DOG",
            "label": "ward"
        },
        {
            "target": "MCD_CLIP_YFI_A",
            "source": "MCD_END",
            "label": "ward"
        },
        {
            "target": "MCD_CLIP_YFI_A",
            "source": "CLIPPER_MOM",
            "label": "ward"
        },
        {
            "target": "MCD_CLIP_YFI_A",
            "source": "MCD_ESM",
            "label": "ward"
        },
        {
            "target": "MCD_CLIP_WBTC_A",
            "source": "MCD_PAUSE_PROXY",
            "label": "ward"
        },
        {
            "target": "MCD_CLIP_WBTC_A",
            "source": "MCD_DOG",
            "label": "ward"
        },
        {
            "target": "MCD_CLIP_WBTC_A",
            "source": "MCD_END",
            "label": "ward"
        },
        {
            "target": "MCD_CLIP_WBTC_A",
            "source": "CLIPPER_MOM",
            "label": "ward"
        },
        {
            "target": "MCD_CLIP_WBTC_A",
            "source": "MCD_ESM",
            "label": "ward"
        }
    ],
    "nodes": [
        {
            "id": "MCD_PAUSE_PROXY"
        },
        {
            "id": "PIP_ETH"
        },
        {
            "id": "0x97C3e595e8f80169266B5534e4d7A1bB58BB45ab"
        },
        {
            "id": "0x12Ee7E3369272CeE4e9843F36331561DBF9Ae6b4"
        },
        {
            "id": "0x538038E526517680735568f9C5342c6E68bbDA12"
        },
        {
            "id": "0x2325aa20DEAa9770a978f1dc7C073589ffC79DC3"
        },
        {
            "id": "PIP_UNIV2DAIETH"
        },
        {
            "id": "PIP_UNIV2WBTCETH"
        },
        {
            "id": "PIP_UNIV2USDCETH"
        },
        {
            "id": "PIP_UNIV2ETHUSDT"
        },
        {
            "id": "PIP_UNIV2LINKETH"
        },
        {
            "id": "PIP_UNIV2UNIETH"
        },
        {
            "id": "PIP_UNIV2AAVEETH"
        },
        {
            "id": "MCD_PAUSE"
        },
        {
            "id": "OSM_MOM"
        },
        {
            "id": "MCD_SPOT"
        },
        {
            "id": "0xeAa474cbFFA87Ae0F1a6f68a3aBA6C77C656F72c"
        },
        {
            "id": "0xCF63089A8aD2a9D8BD6Bb8022f3190EB7e1eD0f1"
        },
        {
            "id": "0xD5885fbCb9a8a8244746010a3BC6F1C6e0269777"
        },
        {
            "id": "0xDF3CDd10e646e4155723a3bC5b1191741DD90333"
        },
        {
            "id": "MCD_END"
        },
        {
            "id": "MCD_CLIP_ETH_A"
        },
        {
            "id": "CLIPPER_MOM"
        },
        {
            "id": "MCD_CLIP_ETH_B"
        },
        {
            "id": "MCD_CLIP_ETH_C"
        },
        {
            "id": "0xF8523c551763FE4261A28313015267F163de7541"
        },
        {
            "id": "0xA9E664bB519Dc372C025100eA83255eDC8d9bDE3"
        },
        {
            "id": "0xba2906b18B069b40C6D2CAFd392E76ad479B1B53"
        },
        {
            "id": "0xd0643BC0D0C879F175556509dbcEe9373379D5C3"
        },
        {
            "id": "0x9f6D3A34B493b2e8B6BDB04E45Dc640CdF691a40"
        },
        {
            "id": "MCD_ADM"
        },
        {
            "id": "0x0528A32fda5beDf89Ba9ad67296db83c9452F28C"
        },
        {
            "id": "MCD_ESM"
        },
        {
            "id": "MCD_DOG"
        },
        {
            "id": "MCD_CLIP_LINK_A"
        },
        {
            "id": "MCD_CLIP_YFI_A"
        },
        {
            "id": "MCD_CLIP_WBTC_A"
        },
        {
            "id": "PIP_UNIV2AAVEETH_ORB1"
        }
    ]
}