{
    "links": [
        {
            "target": "PIP_UNIV2ETHUSDT",
            "source": "0x9f6D3A34B493b2e8B6BDB04E45Dc640CdF691a40",
            "label": "ward"
        },
        {
            "target": "PIP_UNIV2ETHUSDT",
            "source": "OSM_MOM",
            "label": "ward"
        },
        {
            "target": "PIP_UNIV2ETHUSDT",
            "source": "MCD_PAUSE_PROXY",
            "label": "ward"
        },
        {
            "target": "OSM_MOM",
            "source": "MCD_PAUSE_PROXY",
            "label": "owner"
        },
        {
            "target": "OSM_MOM",
            "source": "MCD_ADM",
            "label": "authority"
        },
        {
            "target": "MCD_PAUSE_PROXY",
            "source": "MCD_PAUSE",
            "label": "owner"
        },
        {
            "target": "MCD_ADM",
            "source": "MCD_ADM",
            "label": "authority"
        },
        {
            "target": "MCD_PAUSE",
            "source": "MCD_ADM",
            "label": "authority"
        }
    ],
    "nodes": [
        {
            "id": "0x9f6D3A34B493b2e8B6BDB04E45Dc640CdF691a40"
        },
        {
            "id": "OSM_MOM"
        },
        {
            "id": "MCD_PAUSE_PROXY"
        },
        {
            "id": "MCD_ADM"
        },
        {
            "id": "MCD_PAUSE"
        },
        {
            "id": "PIP_UNIV2ETHUSDT"
        }
    ]
}