{
    "links": [
        {
            "target": "PIP_LRC_SRC",
            "source": "MCD_PAUSE_PROXY",
            "label": "ward"
        },
        {
            "target": "PIP_LRC_SRC",
            "source": "PIP_LRC",
            "label": "bud"
        },
        {
            "target": "PIP_LRC_SRC",
            "source": "0x1D5d9a2DDa0843eD9D8a9Bddc33F1fca9f9C64a0",
            "label": "bud"
        },
        {
            "target": "MCD_PAUSE_PROXY",
            "source": "MCD_PAUSE",
            "label": "owner"
        },
        {
            "target": "PIP_LRC",
            "source": "MCD_PAUSE_PROXY",
            "label": "ward"
        },
        {
            "target": "PIP_LRC",
            "source": "OSM_MOM",
            "label": "ward"
        },
        {
            "target": "PIP_LRC",
            "source": "MCD_SPOT",
            "label": "bud"
        },
        {
            "target": "PIP_LRC",
            "source": "MCD_END",
            "label": "bud"
        },
        {
            "target": "0x1D5d9a2DDa0843eD9D8a9Bddc33F1fca9f9C64a0",
            "source": "0xF8523c551763FE4261A28313015267F163de7541",
            "label": "owner"
        },
        {
            "target": "MCD_PAUSE",
            "source": "MCD_ADM",
            "label": "authority"
        },
        {
            "target": "OSM_MOM",
            "source": "MCD_PAUSE_PROXY",
            "label": "owner"
        },
        {
            "target": "OSM_MOM",
            "source": "MCD_ADM",
            "label": "authority"
        },
        {
            "target": "MCD_SPOT",
            "source": "MCD_PAUSE_PROXY",
            "label": "ward"
        },
        {
            "target": "MCD_SPOT",
            "source": "MCD_END",
            "label": "ward"
        },
        {
            "target": "MCD_END",
            "source": "MCD_PAUSE_PROXY",
            "label": "ward"
        },
        {
            "target": "MCD_END",
            "source": "MCD_ESM",
            "label": "ward"
        },
        {
            "target": "MCD_ADM",
            "source": "MCD_ADM",
            "label": "authority"
        }
    ],
    "nodes": [
        {
            "id": "MCD_PAUSE_PROXY"
        },
        {
            "id": "PIP_LRC"
        },
        {
            "id": "0x1D5d9a2DDa0843eD9D8a9Bddc33F1fca9f9C64a0"
        },
        {
            "id": "MCD_PAUSE"
        },
        {
            "id": "OSM_MOM"
        },
        {
            "id": "MCD_SPOT"
        },
        {
            "id": "MCD_END"
        },
        {
            "id": "0xF8523c551763FE4261A28313015267F163de7541"
        },
        {
            "id": "MCD_ADM"
        },
        {
            "id": "MCD_ESM"
        },
        {
            "id": "PIP_LRC_SRC"
        }
    ]
}