{
    "links": [
        {
            "target": "PIP_UNIV2WBTCDAI_ORB0",
            "source": "MCD_PAUSE_PROXY",
            "label": "ward"
        },
        {
            "target": "PIP_UNIV2WBTCDAI_ORB0",
            "source": "0xbf63446ecF3341e04c6569b226a57860B188edBc",
            "label": "bud"
        },
        {
            "target": "PIP_UNIV2WBTCDAI_ORB0",
            "source": "0x538038E526517680735568f9C5342c6E68bbDA12",
            "label": "bud"
        },
        {
            "target": "PIP_UNIV2WBTCDAI_ORB0",
            "source": "PIP_RENBTC",
            "label": "bud"
        },
        {
            "target": "PIP_UNIV2WBTCDAI_ORB0",
            "source": "0x4935B1188EB940C39e22172cc5fe595E267706a1",
            "label": "bud"
        },
        {
            "target": "PIP_UNIV2WBTCDAI_ORB0",
            "source": "PIP_UNIV2WBTCETH",
            "label": "bud"
        },
        {
            "target": "PIP_UNIV2WBTCDAI_ORB0",
            "source": "PIP_UNIV2WBTCDAI",
            "label": "bud"
        },
        {
            "target": "MCD_PAUSE_PROXY",
            "source": "MCD_PAUSE",
            "label": "owner"
        },
        {
            "target": "0xbf63446ecF3341e04c6569b226a57860B188edBc",
            "source": "0xF8523c551763FE4261A28313015267F163de7541",
            "label": "owner"
        },
        {
            "target": "0x538038E526517680735568f9C5342c6E68bbDA12",
            "source": "0xba2906b18B069b40C6D2CAFd392E76ad479B1B53",
            "label": "owner"
        },
        {
            "target": "PIP_RENBTC",
            "source": "MCD_PAUSE_PROXY",
            "label": "ward"
        },
        {
            "target": "PIP_RENBTC",
            "source": "OSM_MOM",
            "label": "ward"
        },
        {
            "target": "PIP_RENBTC",
            "source": "MCD_SPOT",
            "label": "bud"
        },
        {
            "target": "PIP_RENBTC",
            "source": "0xeAa474cbFFA87Ae0F1a6f68a3aBA6C77C656F72c",
            "label": "bud"
        },
        {
            "target": "PIP_RENBTC",
            "source": "0x82c93333e4E295AA17a05B15092159597e823e8a",
            "label": "bud"
        },
        {
            "target": "PIP_RENBTC",
            "source": "0xD5885fbCb9a8a8244746010a3BC6F1C6e0269777",
            "label": "bud"
        },
        {
            "target": "PIP_RENBTC",
            "source": "MCD_END",
            "label": "bud"
        },
        {
            "target": "PIP_RENBTC",
            "source": "MCD_CLIP_WBTC_A",
            "label": "bud"
        },
        {
            "target": "PIP_RENBTC",
            "source": "CLIPPER_MOM",
            "label": "bud"
        },
        {
            "target": "0x4935B1188EB940C39e22172cc5fe595E267706a1",
            "source": "0xD7518704C86Dea22a0Ab2f146435e3e1cCBc16ea",
            "label": "owner"
        },
        {
            "target": "PIP_UNIV2WBTCETH",
            "source": "0x9f6D3A34B493b2e8B6BDB04E45Dc640CdF691a40",
            "label": "ward"
        },
        {
            "target": "PIP_UNIV2WBTCETH",
            "source": "MCD_PAUSE_PROXY",
            "label": "ward"
        },
        {
            "target": "PIP_UNIV2WBTCETH",
            "source": "OSM_MOM",
            "label": "ward"
        },
        {
            "target": "PIP_UNIV2WBTCDAI",
            "source": "0x9f6D3A34B493b2e8B6BDB04E45Dc640CdF691a40",
            "label": "ward"
        },
        {
            "target": "PIP_UNIV2WBTCDAI",
            "source": "OSM_MOM",
            "label": "ward"
        },
        {
            "target": "PIP_UNIV2WBTCDAI",
            "source": "MCD_PAUSE_PROXY",
            "label": "ward"
        },
        {
            "target": "MCD_PAUSE",
            "source": "MCD_ADM",
            "label": "authority"
        },
        {
            "target": "OSM_MOM",
            "source": "MCD_PAUSE_PROXY",
            "label": "owner"
        },
        {
            "target": "OSM_MOM",
            "source": "MCD_ADM",
            "label": "authority"
        },
        {
            "target": "MCD_SPOT",
            "source": "MCD_PAUSE_PROXY",
            "label": "ward"
        },
        {
            "target": "MCD_SPOT",
            "source": "MCD_END",
            "label": "ward"
        },
        {
            "target": "0xeAa474cbFFA87Ae0F1a6f68a3aBA6C77C656F72c",
            "source": "0x0528A32fda5beDf89Ba9ad67296db83c9452F28C",
            "label": "owner"
        },
        {
            "target": "MCD_END",
            "source": "MCD_PAUSE_PROXY",
            "label": "ward"
        },
        {
            "target": "MCD_END",
            "source": "MCD_ESM",
            "label": "ward"
        },
        {
            "target": "MCD_CLIP_WBTC_A",
            "source": "MCD_PAUSE_PROXY",
            "label": "ward"
        },
        {
            "target": "MCD_CLIP_WBTC_A",
            "source": "MCD_DOG",
            "label": "ward"
        },
        {
            "target": "MCD_CLIP_WBTC_A",
            "source": "MCD_END",
            "label": "ward"
        },
        {
            "target": "MCD_CLIP_WBTC_A",
            "source": "CLIPPER_MOM",
            "label": "ward"
        },
        {
            "target": "MCD_CLIP_WBTC_A",
            "source": "MCD_ESM",
            "label": "ward"
        },
        {
            "target": "CLIPPER_MOM",
            "source": "MCD_PAUSE_PROXY",
            "label": "owner"
        },
        {
            "target": "CLIPPER_MOM",
            "source": "MCD_ADM",
            "label": "authority"
        },
        {
            "target": "0xD7518704C86Dea22a0Ab2f146435e3e1cCBc16ea",
            "source": "0xD7518704C86Dea22a0Ab2f146435e3e1cCBc16ea",
            "label": "externally owned account"
        },
        {
            "target": "MCD_ADM",
            "source": "MCD_ADM",
            "label": "authority"
        },
        {
            "target": "0x0528A32fda5beDf89Ba9ad67296db83c9452F28C",
            "source": "0x0528A32fda5beDf89Ba9ad67296db83c9452F28C",
            "label": "externally owned account"
        },
        {
            "target": "MCD_DOG",
            "source": "MCD_PAUSE_PROXY",
            "label": "ward"
        },
        {
            "target": "MCD_DOG",
            "source": "MCD_END",
            "label": "ward"
        },
        {
            "target": "MCD_DOG",
            "source": "MCD_CLIP_LINK_A",
            "label": "ward"
        },
        {
            "target": "MCD_DOG",
            "source": "MCD_CLIP_YFI_A",
            "label": "ward"
        },
        {
            "target": "MCD_DOG",
            "source": "MCD_CLIP_ETH_A",
            "label": "ward"
        },
        {
            "target": "MCD_DOG",
            "source": "MCD_CLIP_ETH_B",
            "label": "ward"
        },
        {
            "target": "MCD_DOG",
            "source": "MCD_CLIP_ETH_C",
            "label": "ward"
        },
        {
            "target": "MCD_DOG",
            "source": "MCD_CLIP_WBTC_A",
            "label": "ward"
        },
        {
            "target": "MCD_CLIP_LINK_A",
            "source": "MCD_PAUSE_PROXY",
            "label": "ward"
        },
        {
            "target": "MCD_CLIP_LINK_A",
            "source": "MCD_DOG",
            "label": "ward"
        },
        {
            "target": "MCD_CLIP_LINK_A",
            "source": "MCD_END",
            "label": "ward"
        },
        {
            "target": "MCD_CLIP_LINK_A",
            "source": "CLIPPER_MOM",
            "label": "ward"
        },
        {
            "target": "MCD_CLIP_LINK_A",
            "source": "MCD_ESM",
            "label": "ward"
        },
        {
            "target": "MCD_CLIP_YFI_A",
            "source": "MCD_PAUSE_PROXY",
            "label": "ward"
        },
        {
            "target": "MCD_CLIP_YFI_A",
            "source": "MCD_DOG",
            "label": "ward"
        },
        {
            "target": "MCD_CLIP_YFI_A",
            "source": "MCD_END",
            "label": "ward"
        },
        {
            "target": "MCD_CLIP_YFI_A",
            "source": "CLIPPER_MOM",
            "label": "ward"
        },
        {
            "target": "MCD_CLIP_YFI_A",
            "source": "MCD_ESM",
            "label": "ward"
        },
        {
            "target": "MCD_CLIP_ETH_A",
            "source": "MCD_PAUSE_PROXY",
            "label": "ward"
        },
        {
            "target": "MCD_CLIP_ETH_A",
            "source": "MCD_DOG",
            "label": "ward"
        },
        {
            "target": "MCD_CLIP_ETH_A",
            "source": "MCD_END",
            "label": "ward"
        },
        {
            "target": "MCD_CLIP_ETH_A",
            "source": "CLIPPER_MOM",
            "label": "ward"
        },
        {
            "target": "MCD_CLIP_ETH_A",
            "source": "MCD_ESM",
            "label": "ward"
        },
        {
            "target": "MCD_CLIP_ETH_B",
            "source": "MCD_PAUSE_PROXY",
            "label": "ward"
        },
        {
            "target": "MCD_CLIP_ETH_B",
            "source": "MCD_DOG",
            "label": "ward"
        },
        {
            "target": "MCD_CLIP_ETH_B",
            "source": "MCD_END",
            "label": "ward"
        },
        {
            "target": "MCD_CLIP_ETH_B",
            "source": "CLIPPER_MOM",
            "label": "ward"
        },
        {
            "target": "MCD_CLIP_ETH_B",
            "source": "MCD_ESM",
            "label": "ward"
        },
        {
            "target": "MCD_CLIP_ETH_C",
            "source": "MCD_PAUSE_PROXY",
            "label": "ward"
        },
        {
            "target": "MCD_CLIP_ETH_C",
            "source": "MCD_DOG",
            "label": "ward"
        },
        {
            "target": "MCD_CLIP_ETH_C",
            "source": "MCD_END",
            "label": "ward"
        },
        {
            "target": "MCD_CLIP_ETH_C",
            "source": "CLIPPER_MOM",
            "label": "ward"
        },
        {
            "target": "MCD_CLIP_ETH_C",
            "source": "MCD_ESM",
            "label": "ward"
        }
    ],
    "nodes": [
        {
            "id": "MCD_PAUSE_PROXY"
        },
        {
            "id": "0xbf63446ecF3341e04c6569b226a57860B188edBc"
        },
        {
            "id": "0x538038E526517680735568f9C5342c6E68bbDA12"
        },
        {
            "id": "PIP_RENBTC"
        },
        {
            "id": "0x4935B1188EB940C39e22172cc5fe595E267706a1"
        },
        {
            "id": "PIP_UNIV2WBTCETH"
        },
        {
            "id": "PIP_UNIV2WBTCDAI"
        },
        {
            "id": "MCD_PAUSE"
        },
        {
            "id": "0xF8523c551763FE4261A28313015267F163de7541"
        },
        {
            "id": "0xba2906b18B069b40C6D2CAFd392E76ad479B1B53"
        },
        {
            "id": "OSM_MOM"
        },
        {
            "id": "MCD_SPOT"
        },
        {
            "id": "0xeAa474cbFFA87Ae0F1a6f68a3aBA6C77C656F72c"
        },
        {
            "id": "0x82c93333e4E295AA17a05B15092159597e823e8a"
        },
        {
            "id": "0xD5885fbCb9a8a8244746010a3BC6F1C6e0269777"
        },
        {
            "id": "MCD_END"
        },
        {
            "id": "MCD_CLIP_WBTC_A"
        },
        {
            "id": "CLIPPER_MOM"
        },
        {
            "id": "0xD7518704C86Dea22a0Ab2f146435e3e1cCBc16ea"
        },
        {
            "id": "0x9f6D3A34B493b2e8B6BDB04E45Dc640CdF691a40"
        },
        {
            "id": "MCD_ADM"
        },
        {
            "id": "0x0528A32fda5beDf89Ba9ad67296db83c9452F28C"
        },
        {
            "id": "MCD_ESM"
        },
        {
            "id": "MCD_DOG"
        },
        {
            "id": "MCD_CLIP_LINK_A"
        },
        {
            "id": "MCD_CLIP_YFI_A"
        },
        {
            "id": "MCD_CLIP_ETH_A"
        },
        {
            "id": "MCD_CLIP_ETH_B"
        },
        {
            "id": "MCD_CLIP_ETH_C"
        },
        {
            "id": "PIP_UNIV2WBTCDAI_ORB0"
        }
    ]
}