{
    "links": [
        {
            "target": "PIP_COMP",
            "source": "MCD_PAUSE_PROXY",
            "label": "ward"
        },
        {
            "target": "PIP_COMP",
            "source": "OSM_MOM",
            "label": "ward"
        },
        {
            "target": "PIP_COMP",
            "source": "MCD_SPOT",
            "label": "bud"
        },
        {
            "target": "PIP_COMP",
            "source": "0xD5885fbCb9a8a8244746010a3BC6F1C6e0269777",
            "label": "bud"
        },
        {
            "target": "PIP_COMP",
            "source": "MCD_END",
            "label": "bud"
        },
        {
            "target": "MCD_PAUSE_PROXY",
            "source": "MCD_PAUSE",
            "label": "owner"
        },
        {
            "target": "OSM_MOM",
            "source": "MCD_PAUSE_PROXY",
            "label": "owner"
        },
        {
            "target": "OSM_MOM",
            "source": "MCD_ADM",
            "label": "authority"
        },
        {
            "target": "MCD_SPOT",
            "source": "MCD_PAUSE_PROXY",
            "label": "ward"
        },
        {
            "target": "MCD_SPOT",
            "source": "MCD_END",
            "label": "ward"
        },
        {
            "target": "MCD_END",
            "source": "MCD_PAUSE_PROXY",
            "label": "ward"
        },
        {
            "target": "MCD_END",
            "source": "MCD_ESM",
            "label": "ward"
        },
        {
            "target": "MCD_PAUSE",
            "source": "MCD_ADM",
            "label": "authority"
        },
        {
            "target": "MCD_ADM",
            "source": "MCD_ADM",
            "label": "authority"
        }
    ],
    "nodes": [
        {
            "id": "MCD_PAUSE_PROXY"
        },
        {
            "id": "OSM_MOM"
        },
        {
            "id": "MCD_SPOT"
        },
        {
            "id": "0xD5885fbCb9a8a8244746010a3BC6F1C6e0269777"
        },
        {
            "id": "MCD_END"
        },
        {
            "id": "MCD_PAUSE"
        },
        {
            "id": "MCD_ADM"
        },
        {
            "id": "MCD_ESM"
        },
        {
            "id": "PIP_COMP"
        }
    ]
}