{
    "links": [
        {
            "target": "PIP_UNIV2UNIETH_ORB0",
            "source": "MCD_PAUSE_PROXY",
            "label": "ward"
        },
        {
            "target": "PIP_UNIV2UNIETH_ORB0",
            "source": "PIP_UNI",
            "label": "bud"
        },
        {
            "target": "PIP_UNIV2UNIETH_ORB0",
            "source": "0x3c3Afa479d8C95CF0E1dF70449Bb5A14A3b7Af67",
            "label": "bud"
        },
        {
            "target": "PIP_UNIV2UNIETH_ORB0",
            "source": "PIP_UNIV2UNIETH",
            "label": "bud"
        },
        {
            "target": "MCD_PAUSE_PROXY",
            "source": "MCD_PAUSE",
            "label": "owner"
        },
        {
            "target": "PIP_UNI",
            "source": "MCD_PAUSE_PROXY",
            "label": "ward"
        },
        {
            "target": "PIP_UNI",
            "source": "OSM_MOM",
            "label": "ward"
        },
        {
            "target": "PIP_UNI",
            "source": "MCD_SPOT",
            "label": "bud"
        },
        {
            "target": "PIP_UNI",
            "source": "MCD_END",
            "label": "bud"
        },
        {
            "target": "0x3c3Afa479d8C95CF0E1dF70449Bb5A14A3b7Af67",
            "source": "0xF8523c551763FE4261A28313015267F163de7541",
            "label": "owner"
        },
        {
            "target": "PIP_UNIV2UNIETH",
            "source": "0x9f6D3A34B493b2e8B6BDB04E45Dc640CdF691a40",
            "label": "ward"
        },
        {
            "target": "PIP_UNIV2UNIETH",
            "source": "OSM_MOM",
            "label": "ward"
        },
        {
            "target": "PIP_UNIV2UNIETH",
            "source": "MCD_PAUSE_PROXY",
            "label": "ward"
        },
        {
            "target": "MCD_PAUSE",
            "source": "MCD_ADM",
            "label": "authority"
        },
        {
            "target": "OSM_MOM",
            "source": "MCD_PAUSE_PROXY",
            "label": "owner"
        },
        {
            "target": "OSM_MOM",
            "source": "MCD_ADM",
            "label": "authority"
        },
        {
            "target": "MCD_SPOT",
            "source": "MCD_PAUSE_PROXY",
            "label": "ward"
        },
        {
            "target": "MCD_SPOT",
            "source": "MCD_END",
            "label": "ward"
        },
        {
            "target": "MCD_END",
            "source": "MCD_PAUSE_PROXY",
            "label": "ward"
        },
        {
            "target": "MCD_END",
            "source": "MCD_ESM",
            "label": "ward"
        },
        {
            "target": "MCD_ADM",
            "source": "MCD_ADM",
            "label": "authority"
        }
    ],
    "nodes": [
        {
            "id": "MCD_PAUSE_PROXY"
        },
        {
            "id": "PIP_UNI"
        },
        {
            "id": "0x3c3Afa479d8C95CF0E1dF70449Bb5A14A3b7Af67"
        },
        {
            "id": "PIP_UNIV2UNIETH"
        },
        {
            "id": "MCD_PAUSE"
        },
        {
            "id": "OSM_MOM"
        },
        {
            "id": "MCD_SPOT"
        },
        {
            "id": "MCD_END"
        },
        {
            "id": "0xF8523c551763FE4261A28313015267F163de7541"
        },
        {
            "id": "0x9f6D3A34B493b2e8B6BDB04E45Dc640CdF691a40"
        },
        {
            "id": "MCD_ADM"
        },
        {
            "id": "MCD_ESM"
        },
        {
            "id": "PIP_UNIV2UNIETH_ORB0"
        }
    ]
}