{
    "links": [
        {
            "target": "PIP_BAL_SRC",
            "source": "MCD_PAUSE_PROXY",
            "label": "ward"
        },
        {
            "target": "PIP_BAL_SRC",
            "source": "PIP_BAL",
            "label": "bud"
        },
        {
            "target": "MCD_PAUSE_PROXY",
            "source": "MCD_PAUSE",
            "label": "owner"
        },
        {
            "target": "PIP_BAL",
            "source": "MCD_PAUSE_PROXY",
            "label": "ward"
        },
        {
            "target": "PIP_BAL",
            "source": "OSM_MOM",
            "label": "ward"
        },
        {
            "target": "PIP_BAL",
            "source": "MCD_SPOT",
            "label": "bud"
        },
        {
            "target": "PIP_BAL",
            "source": "MCD_END",
            "label": "bud"
        },
        {
            "target": "MCD_PAUSE",
            "source": "MCD_ADM",
            "label": "authority"
        },
        {
            "target": "OSM_MOM",
            "source": "MCD_PAUSE_PROXY",
            "label": "owner"
        },
        {
            "target": "OSM_MOM",
            "source": "MCD_ADM",
            "label": "authority"
        },
        {
            "target": "MCD_SPOT",
            "source": "MCD_PAUSE_PROXY",
            "label": "ward"
        },
        {
            "target": "MCD_SPOT",
            "source": "MCD_END",
            "label": "ward"
        },
        {
            "target": "MCD_END",
            "source": "MCD_PAUSE_PROXY",
            "label": "ward"
        },
        {
            "target": "MCD_END",
            "source": "MCD_ESM",
            "label": "ward"
        },
        {
            "target": "MCD_ADM",
            "source": "MCD_ADM",
            "label": "authority"
        }
    ],
    "nodes": [
        {
            "id": "MCD_PAUSE_PROXY"
        },
        {
            "id": "PIP_BAL"
        },
        {
            "id": "MCD_PAUSE"
        },
        {
            "id": "OSM_MOM"
        },
        {
            "id": "MCD_SPOT"
        },
        {
            "id": "MCD_END"
        },
        {
            "id": "MCD_ADM"
        },
        {
            "id": "MCD_ESM"
        },
        {
            "id": "PIP_BAL_SRC"
        }
    ]
}